"steam_id","stat_ts","peak_players"
"1974050","1776355200000","784"
"1974050","1776358800000","3262"
"1974050","1776362400000","18039"
"1974050","1776366000000","20029"
"1974050","1776369600000","20371"
"1974050","1776373200000","20442"
"1974050","1776376800000","20534"
"1974050","1776380400000","20700"
"1974050","1776384000000","20797"
"1974050","1776387600000","19835"
"1974050","1776391200000","21471"
"1974050","1776394800000","22626"
"1974050","1776398400000","23893"
"1974050","1776402000000","25253"
"1974050","1776405600000","26169"
"1974050","1776409200000","26509"
"1974050","1776412800000","25928"
"1974050","1776416400000","24826"
"1974050","1776420000000","23882"
"1974050","1776423600000","22786"
"1974050","1776427200000","21290"
"1974050","1776430800000","19709"
"1974050","1776434400000","17918"
"1974050","1776438000000","16538"
"1974050","1776441600000","15905"
"1974050","1776445200000","15767"
"1974050","1776448800000","15966"
"1974050","1776452400000","16187"
"1974050","1776456000000","16457"
"1974050","1776459600000","17134"
"1974050","1776463200000","18303"
"1974050","1776466800000","19177"
"1974050","1776470400000","21050"
"1974050","1776474000000","22102"
"1974050","1776477600000","22920"
"1974050","1776481200000","23664"
"1974050","1776484800000","25182"
"1974050","1776488400000","26390"
"1974050","1776492000000","27091"
"1974050","1776495600000","27216"
"1974050","1776499200000","26711"
"1974050","1776502800000","25733"
"1974050","1776506400000","0"
"1974050","1776510000000","23507"
"1974050","1776513600000","22325"
"1974050","1776517200000","20712"
"1974050","1776520800000","18853"
"1974050","1776524400000","17400"
"1974050","1776528000000","16512"
"1974050","1776531600000","16314"
"1974050","1776535200000","16335"
"1974050","1776538800000","16371"
"1974050","1776542400000","16698"
"1974050","1776546000000","17431"
"1974050","1776549600000","18401"
"1974050","1776553200000","19229"
"1974050","1776556800000","21390"
"1974050","1776560400000","22586"
"1974050","1776564000000","23434"
"1974050","1776567600000","24226"
"1974050","1776571200000","25533"
"1974050","1776574800000","26611"
"1974050","1776578400000","27296"
"1974050","1776582000000","27129"
"1974050","1776585600000","26144"
"1974050","1776589200000","25077"
"1974050","1776592800000","24000"
"1974050","1776596400000","22625"
"1974050","1776600000000","21165"
"1974050","1776603600000","18937"
"1974050","1776607200000","16768"
"1974050","1776610800000","14876"
"1974050","1776614400000","13913"
"1974050","1776618000000","13467"
"1974050","1776621600000","13107"
"1974050","1776625200000","11737"
"1974050","1776628800000","12409"
"1974050","1776632400000","12582"
"1974050","1776636000000","13148"
"1974050","1776639600000","14089"
"1974050","1776643200000","14777"
"1974050","1776646800000","16019"
"1974050","1776650400000","17446"
"1974050","1776654000000","19238"
"1974050","1776657600000","21095"
"1974050","1776661200000","22522"
"1974050","1776664800000","23643"
"1974050","1776668400000","23927"
"1974050","1776672000000","23580"
"1974050","1776675600000","22557"
"1974050","1776679200000","21591"
"1974050","1776682800000","20554"
"1974050","1776686400000","19226"
"1974050","1776690000000","17483"
"1974050","1776693600000","15623"
"1974050","1776697200000","14069"
"1974050","1776700800000","13370"
"1974050","1776704400000","12864"
"1974050","1776708000000","12565"
"1974050","1776711600000","11692"
"1974050","1776715200000","11898"
"1974050","1776718800000","12091"
"1974050","1776722400000","12518"
"1974050","1776726000000","13352"
"1974050","1776729600000","14203"
"1974050","1776733200000","15369"
"1974050","1776736800000","16815"
"1974050","1776740400000","18515"
"1974050","1776744000000","20346"
"1974050","1776747600000","21851"
"1974050","1776751200000","22619"
"1974050","1776754800000","22793"
"1974050","1776758400000","22592"
"1974050","1776762000000","21887"
"1974050","1776765600000","21002"
"1974050","1776769200000","20076"
"1974050","1776772800000","18665"
"1974050","1776776400000","16932"
"1974050","1776780000000","13991"
"1974050","1776783600000","13007"
"1974050","1776787200000","12331"
"1974050","1776790800000","11895"
"1974050","1776794400000","11527"
"1974050","1776798000000","11351"
"1974050","1776801600000","11138"
"1974050","1776805200000","11293"
"1974050","1776808800000","11943"
"1974050","1776812400000","12438"
"1974050","1776816000000","13417"
"1974050","1776819600000","14426"
"1974050","1776823200000","15696"
"1974050","1776826800000","17238"
"1974050","1776830400000","18881"
"1974050","1776834000000","20233"
"1974050","1776837600000","21177"
"1974050","1776841200000","21426"
"1974050","1776844800000","21420"
"1974050","1776848400000","20508"
"1974050","1776852000000","19849"
"1974050","1776855600000","18801"
"1974050","1776859200000","17581"
"1974050","1776862800000","15846"
"1974050","1776866400000","14274"
"1974050","1776870000000","12931"
"1974050","1776873600000","12147"
"1974050","1776877200000","11682"
"1974050","1776880800000","11398"
"1974050","1776884400000","11074"
"1974050","1776888000000","10832"
"1974050","1776891600000","11037"
"1974050","1776895200000","11739"
"1974050","1776898800000","12485"
"1974050","1776902400000","13328"
"1974050","1776906000000","14202"
"1974050","1776909600000","15398"
"1974050","1776913200000","17000"
"1974050","1776916800000","17761"
"1974050","1776920400000","19782"
"1974050","1776924000000","20651"
"1974050","1776927600000","20672"
"1974050","1776931200000","20778"
"1974050","1776934800000","20112"
"1974050","1776938400000","19042"
"1974050","1776942000000","18096"
"1974050","1776945600000","16817"
"1974050","1776949200000","15367"
"1974050","1776952800000","13705"
"1974050","1776956400000","12556"
"1974050","1776960000000","11873"
"1974050","1776963600000","11562"
"1974050","1776967200000","11381"
"1974050","1776970800000","11043"
"1974050","1776974400000","10860"
"1974050","1776978000000","10948"
"1974050","1776981600000","11596"
"1974050","1776985200000","12027"
"1974050","1776988800000","13158"
"1974050","1776992400000","14172"
"1974050","1776996000000","15295"
"1974050","1776999600000","16754"
"1974050","1777003200000","18214"
"1974050","1777006800000","19473"
"1974050","1777010400000","20139"
"1974050","1777014000000","20856"
"1974050","1777017600000","20521"
"1974050","1777021200000","19574"
"1974050","1777024800000","18881"
"1974050","1777028400000","17914"
"1974050","1777032000000","16892"
"1974050","1777035600000","15760"
"1974050","1777039200000","14600"
"1974050","1777042800000","13441"
"1974050","1777046400000","12835"
"1974050","1777050000000","12426"
"1974050","1777053600000","12452"
"1974050","1777057200000","12361"
"1974050","1777060800000","12530"
"1974050","1777064400000","13020"
"1974050","1777068000000","13745"
"1974050","1777071600000","14789"
"1974050","1777075200000","15739"
"1974050","1777078800000","16715"
"1974050","1777082400000","17461"
"1974050","1777086000000","18652"
"1974050","1777089600000","19629"
"1974050","1777093200000","20565"
"1974050","1777096800000","21125"
"1974050","1777100400000","21313"
"1974050","1777104000000","20896"
"1974050","1777107600000","19982"
"1974050","1777111200000","19109"
"1974050","1777114800000","18102"
"1974050","1777118400000","17188"
"1974050","1777122000000","16030"
"1974050","1777125600000","14497"
"1974050","1777129200000","13254"
"1974050","1777132800000","12569"
"1974050","1777136400000","12305"
"1974050","1777140000000","12315"
"1974050","1777143600000","12363"
"1974050","1777147200000","12510"
"1974050","1777150800000","12953"
"1974050","1777154400000","13977"
"1974050","1777158000000","15027"
"1974050","1777161600000","16235"
"1974050","1777165200000","17102"
"1974050","1777168800000","17972"
"1974050","1777172400000","18868"
"1974050","1777176000000","19752"
"1974050","1777179600000","20490"
"1974050","1777183200000","20831"
"1974050","1777186800000","20433"
"1974050","1777190400000","19702"
"1974050","1777194000000","18714"
"1974050","1777197600000","17952"
"1974050","1777201200000","16998"
"1974050","1777204800000","15814"
"1974050","1777208400000","14108"
"1974050","1777212000000","12372"
"1974050","1777215600000","11067"
"1974050","1777219200000","10313"
"1974050","1777222800000","9833"
"1974050","1777226400000","9521"
"1974050","1777230000000","9215"
"1974050","1777233600000","9059"
"1974050","1777237200000","9187"
"1974050","1777240800000","9779"
"1974050","1777244400000","10342"
"1974050","1777248000000","11166"
"1974050","1777251600000","11919"
"1974050","1777255200000","12255"
"1974050","1777258800000","14425"
"1974050","1777262400000","15794"
"1974050","1777266000000","16791"
"1974050","1777269600000","17277"
"1974050","1777273200000","17423"
"1974050","1777276800000","16919"
"1974050","1777280400000","16324"
"1974050","1777284000000","15678"
"1974050","1777287600000","14932"
"1974050","1777291200000","13706"
"1974050","1777294800000","12415"
"1974050","1777298400000","10844"
"1974050","1777302000000","9414"
"1974050","1777305600000","8617"
"1974050","1777309200000","8251"
"1974050","1777312800000","8087"
"1974050","1777316400000","7885"
"1974050","1777320000000","7755"
"1974050","1777323600000","7811"
"1974050","1777327200000","8306"
"1974050","1777330800000","8912"
"1974050","1777334400000","9408"
"1974050","1777338000000","10098"
"1974050","1777341600000","11043"
"1974050","1777345200000","12363"
"1974050","1777348800000","13435"
"1974050","1777352400000","14474"
"1974050","1777356000000","15072"
"1974050","1777359600000","15169"
"1974050","1777363200000","14860"
"1974050","1777366800000","14238"
"1974050","1777370400000","13658"
"1974050","1777374000000","12762"
"1974050","1777377600000","11726"
"1974050","1777381200000","10496"
"1974050","1777384800000","7160"
"1974050","1777388400000","8101"
"1974050","1777392000000","7561"
"1974050","1777395600000","7349"
"1974050","1777399200000","7351"
"1974050","1777402800000","7129"
"1974050","1777406400000","6975"
"1974050","1777410000000","7091"
"1974050","1777413600000","7493"
"1974050","1777417200000","7688"
"1974050","1777420800000","8681"
"1974050","1777424400000","9343"
"1974050","1777428000000","10105"
"1974050","1777431600000","11248"
"1974050","1777435200000","12356"
"1974050","1777438800000","13044"
"1974050","1777442400000","13526"
"1974050","1777446000000","13669"
"1974050","1777449600000","13364"
"1974050","1777453200000","12830"
"1974050","1777456800000","12190"
"1974050","1777460400000","11462"
"1974050","1777464000000","10620"
"1974050","1777467600000","9488"
"1974050","1777471200000","8534"
"1974050","1777474800000","7732"
"1974050","1777478400000","7177"
"1974050","1777482000000","6938"
"1974050","1777485600000","6829"
"1974050","1777489200000","6712"
"1974050","1777492800000","6582"
"1974050","1777496400000","6718"
"1974050","1777500000000","7108"
"1974050","1777503600000","7590"
"1974050","1777507200000","8169"
"1974050","1777510800000","8743"
"1974050","1777514400000","9520"
"1974050","1777518000000","10355"
"1974050","1777521600000","11314"
"1974050","1777525200000","12224"
"1974050","1777528800000","12899"
"1974050","1777532400000","13079"
"1974050","1777536000000","12891"
"1974050","1777539600000","12256"
"1974050","1777543200000","11747"
"1974050","1777546800000","11132"
"1974050","1777550400000","10355"
"1974050","1777554000000","9516"
"1974050","1777557600000","8821"
"1974050","1777561200000","8200"
"1974050","1777564800000","7728"
"1974050","1777568400000","7652"
"1974050","1777572000000","7586"
"1974050","1777575600000","7640"
"1974050","1777579200000","7750"
"1974050","1777582800000","8019"
"1974050","1777586400000","8647"
"1974050","1777590000000","9358"
"1974050","1777593600000","10105"
"1974050","1777597200000","10534"
"1974050","1777600800000","11068"
"1974050","1777604400000","11747"
"1974050","1777608000000","12215"
"1974050","1777611600000","12891"
"1974050","1777615200000","13311"
"1974050","1777618800000","13177"
"1974050","1777622400000","12783"
"1974050","1777626000000","12269"
"1974050","1777629600000","11641"
"1974050","1777633200000","11119"
"1974050","1777636800000","10375"
"1974050","1777640400000","9572"
"1974050","1777644000000","8676"
"1974050","1777647600000","7958"
"1974050","1777651200000","7470"
"1974050","1777654800000","7317"
"1974050","1777658400000","7216"
"1974050","1777662000000","7321"
"1974050","1777665600000","7504"
"1974050","1777669200000","7872"
"1974050","1777672800000","8348"
"1974050","1777676400000","9028"
"1974050","1777680000000","9692"
"1974050","1777683600000","10260"
"1974050","1777687200000","10563"
"1974050","1777690800000","11028"
"1974050","1777694400000","11637"
"1974050","1777698000000","12144"
"1974050","1777701600000","12570"
"1974050","1777705200000","12647"
"1974050","1777708800000","12381"
"1974050","1777712400000","11809"
"1974050","1777716000000","11272"
"1974050","1777719600000","10659"
"1974050","1777723200000","9932"
"1974050","1777726800000","9140"
"1974050","1777730400000","8375"
"1974050","1777734000000","7579"
"1974050","1777737600000","7053"
"1974050","1777741200000","7035"
"1974050","1777744800000","7049"
"1974050","1777748400000","7216"
"1974050","1777752000000","7345"
"1974050","1777755600000","7709"
"1974050","1777759200000","8361"
"1974050","1777762800000","8976"
"1974050","1777766400000","9670"
"1974050","1777770000000","10220"
"1974050","1777773600000","10744"
"1974050","1777777200000","11152"
"1974050","1777780800000","11728"
"1974050","1777784400000","12204"
"1974050","1777788000000","12374"
"1974050","1777791600000","12181"
"1974050","1777795200000","11650"
"1974050","1777798800000","11081"
"1974050","1777802400000","10439"
"1974050","1777806000000","9802"
"1974050","1777809600000","8957"
"1974050","1777813200000","7920"
"1974050","1777816800000","7030"
"1974050","1777820400000","6380"
"1974050","1777824000000","6066"
"1974050","1777827600000","6040"
"1974050","1777831200000","6009"
"1974050","1777834800000","5894"
"1974050","1777838400000","5943"
"1974050","1777842000000","6125"
"1974050","1777845600000","6515"
"1974050","1777849200000","6986"
"1974050","1777852800000","7391"
"1974050","1777856400000","7830"
"1974050","1777860000000","8371"
"1974050","1777863600000","9169"
"1974050","1777867200000","9990"
"1974050","1777870800000","10566"
"1974050","1777874400000","11010"
"1974050","1777878000000","11051"
"1974050","1777881600000","10842"
"1974050","1777885200000","10283"
"1974050","1777888800000","9741"
"1974050","1777892400000","9189"
"1974050","1777896000000","8379"
"1974050","1777899600000","7463"
"1974050","1777903200000","6706"
"1974050","1777906800000","6153"
"1974050","1777910400000","5898"
"1974050","1777914000000","5812"
"1974050","1777917600000","5774"
"1974050","1777921200000","5713"
"1974050","1777924800000","5692"
"1974050","1777928400000","5866"
"1974050","1777932000000","6208"
"1974050","1777935600000","6630"
"1974050","1777939200000","6961"
"1974050","1777942800000","7333"
"1974050","1777946400000","7849"
"1974050","1777950000000","8479"
"1974050","1777953600000","9170"
"1974050","1777957200000","9956"
"1974050","1777960800000","10219"
"1974050","1777964400000","10149"
"1974050","1777968000000","9923"
"1974050","1777971600000","9394"
"1974050","1777975200000","8894"
"1974050","1777978800000","8187"
"1974050","1777982400000","7516"
"1974050","1777986000000","6781"
"1974050","1777989600000","5749"
"1974050","1777993200000","5253"
"1974050","1777996800000","5068"
"1974050","1778000400000","5001"
"1974050","1778004000000","4965"
"1974050","1778007600000","4907"
"1974050","1778011200000","4915"
"1974050","1778014800000","4940"
"1974050","1778018400000","5320"
"1974050","1778022000000","5768"
"1974050","1778025600000","6063"
"1974050","1778029200000","6407"
"1974050","1778032800000","7045"
"1974050","1778036400000","7719"
"1974050","1778040000000","8546"
"1974050","1778043600000","9058"
"1974050","1778047200000","9290"
"1974050","1778050800000","9283"
"1974050","1778054400000","8976"
"1974050","1778058000000","8553"
"1974050","1778061600000","8227"
"1974050","1778065200000","7589"
"1974050","1778068800000","6948"
"1974050","1778072400000","6210"
"1974050","1778076000000","5534"
"1974050","1778079600000","5087"
"1974050","1778083200000","4823"
"1974050","1778086800000","4663"
"1974050","1778090400000","4669"
"1974050","1778094000000","4590"
"1974050","1778097600000","4605"
"1974050","1778101200000","4660"
"1974050","1778104800000","5042"
"1974050","1778108400000","5346"
"1974050","1778112000000","5402"
"1974050","1778115600000","6092"
"1974050","1778119200000","6728"
"1974050","1778122800000","7423"
"1974050","1778126400000","8125"
"1974050","1778130000000","8637"
"1974050","1778133600000","8810"
"1974050","1778137200000","8812"
"1974050","1778140800000","8531"
"1974050","1778144400000","8105"
"1974050","1778148000000","7731"
"1974050","1778151600000","7323"
"1974050","1778155200000","6402"
"1974050","1778158800000","5721"
"1974050","1778162400000","5252"
"1974050","1778166000000","4803"
"1974050","1778169600000","4513"
"1974050","1778173200000","4422"
"1974050","1778176800000","4405"
"1974050","1778180400000","4362"
"1974050","1778184000000","4308"
"1974050","1778187600000","4469"
"1974050","1778191200000","4775"
"1974050","1778194800000","5210"
"1974050","1778198400000","5510"
"1974050","1778202000000","5800"
"1974050","1778205600000","6250"
"1974050","1778209200000","6892"
"1974050","1778212800000","7554"
"1974050","1778216400000","8136"
"1974050","1778220000000","8550"
"1974050","1778223600000","8492"
"1974050","1778227200000","8123"
"1974050","1778230800000","7812"
"1974050","1778234400000","7365"
"1974050","1778238000000","6892"
"1974050","1778241600000","6406"
"1974050","1778245200000","5948"
"1974050","1778248800000","5416"
"1974050","1778252400000","5053"
"1974050","1778256000000","4774"
"1974050","1778259600000","4811"
"1974050","1778263200000","4910"
"1974050","1778266800000","4926"
"1974050","1778270400000","5005"
"1974050","1778274000000","5218"
"1974050","1778277600000","5672"
"1974050","1778281200000","6135"
"1974050","1778284800000","6488"
"1974050","1778288400000","6836"
"1974050","1778292000000","7099"
"1974050","1778295600000","7708"
"1974050","1778299200000","7902"
"1974050","1778302800000","8254"
"1974050","1778306400000","8534"
"1974050","1778310000000","8453"
"1974050","1778313600000","8128"
"1974050","1778317200000","7700"
"1974050","1778320800000","7345"
"1974050","1778324400000","6875"
"1974050","1778328000000","6399"
"1974050","1778331600000","5827"
"1974050","1778335200000","5279"
"1974050","1778338800000","4933"
"2315040","1776355200000","374"
"2315040","1776358800000","1556"
"2315040","1776362400000","6814"
"2315040","1776366000000","7488"
"2315040","1776369600000","7882"
"2315040","1776373200000","8103"
"2315040","1776376800000","8020"
"2315040","1776380400000","8107"
"2315040","1776384000000","8127"
"2315040","1776387600000","8003"
"2315040","1776391200000","8179"
"2315040","1776394800000","7992"
"2315040","1776398400000","8902"
"2315040","1776402000000","9267"
"2315040","1776405600000","9290"
"2315040","1776409200000","8576"
"2315040","1776412800000","7218"
"2315040","1776416400000","5501"
"2315040","1776420000000","4085"
"2315040","1776423600000","2966"
"2315040","1776427200000","2218"
"2315040","1776430800000","1732"
"2315040","1776434400000","1624"
"2315040","1776438000000","1931"
"2315040","1776441600000","2768"
"2315040","1776445200000","4021"
"2315040","1776448800000","5359"
"2315040","1776452400000","6374"
"2315040","1776456000000","6794"
"2315040","1776459600000","7284"
"2315040","1776463200000","7497"
"2315040","1776466800000","7606"
"2315040","1776470400000","7690"
"2315040","1776474000000","7585"
"2315040","1776477600000","7537"
"2315040","1776481200000","7795"
"2315040","1776484800000","7761"
"2315040","1776488400000","8418"
"2315040","1776492000000","8365"
"2315040","1776495600000","7708"
"2315040","1776499200000","6355"
"2315040","1776502800000","4936"
"2315040","1776506400000","0"
"2315040","1776510000000","2820"
"2315040","1776513600000","2101"
"2315040","1776517200000","1629"
"2315040","1776520800000","1490"
"2315040","1776524400000","1724"
"2315040","1776528000000","2457"
"2315040","1776531600000","3685"
"2315040","1776535200000","5005"
"2315040","1776538800000","5933"
"2315040","1776542400000","6434"
"2315040","1776546000000","7001"
"2315040","1776549600000","7257"
"2315040","1776553200000","6521"
"2315040","1776556800000","7441"
"2315040","1776560400000","7499"
"2315040","1776564000000","7401"
"2315040","1776567600000","7632"
"2315040","1776571200000","7989"
"2315040","1776574800000","8192"
"2315040","1776578400000","7941"
"2315040","1776582000000","7145"
"2315040","1776585600000","5593"
"2315040","1776589200000","4126"
"2315040","1776592800000","2993"
"2315040","1776596400000","2255"
"2315040","1776600000000","1706"
"2315040","1776603600000","1380"
"2315040","1776607200000","1281"
"2315040","1776610800000","1374"
"2315040","1776614400000","1898"
"2315040","1776618000000","2748"
"2315040","1776621600000","3614"
"2315040","1776625200000","4271"
"2315040","1776628800000","4772"
"2315040","1776632400000","5108"
"2315040","1776636000000","5248"
"2315040","1776639600000","5371"
"2315040","1776643200000","5273"
"2315040","1776646800000","5545"
"2315040","1776650400000","5989"
"2315040","1776654000000","6714"
"2315040","1776657600000","7438"
"2315040","1776661200000","7788"
"2315040","1776664800000","7701"
"2315040","1776668400000","6815"
"2315040","1776672000000","5390"
"2315040","1776675600000","3877"
"2315040","1776679200000","2821"
"2315040","1776682800000","2082"
"2315040","1776686400000","1574"
"2315040","1776690000000","1314"
"2315040","1776693600000","1204"
"2315040","1776697200000","1290"
"2315040","1776700800000","1800"
"2315040","1776704400000","2614"
"2315040","1776708000000","3430"
"2315040","1776711600000","4010"
"2315040","1776715200000","4504"
"2315040","1776718800000","4586"
"2315040","1776722400000","4875"
"2315040","1776726000000","5008"
"2315040","1776729600000","5158"
"2315040","1776733200000","5222"
"2315040","1776736800000","5603"
"2315040","1776740400000","6405"
"2315040","1776744000000","7015"
"2315040","1776747600000","7345"
"2315040","1776751200000","7277"
"2315040","1776754800000","6430"
"2315040","1776758400000","5048"
"2315040","1776762000000","3599"
"2315040","1776765600000","2608"
"2315040","1776769200000","1913"
"2315040","1776772800000","1483"
"2315040","1776776400000","1232"
"2315040","1776780000000","1087"
"2315040","1776783600000","1249"
"2315040","1776787200000","1676"
"2315040","1776790800000","2468"
"2315040","1776794400000","3207"
"2315040","1776798000000","3740"
"2315040","1776801600000","4141"
"2315040","1776805200000","4452"
"2315040","1776808800000","4496"
"2315040","1776812400000","4425"
"2315040","1776816000000","4760"
"2315040","1776819600000","4823"
"2315040","1776823200000","5174"
"2315040","1776826800000","6019"
"2315040","1776830400000","6533"
"2315040","1776834000000","6764"
"2315040","1776837600000","6743"
"2315040","1776841200000","6044"
"2315040","1776844800000","4804"
"2315040","1776848400000","3459"
"2315040","1776852000000","2466"
"2315040","1776855600000","1866"
"2315040","1776859200000","1423"
"2315040","1776862800000","1170"
"2315040","1776866400000","1087"
"2315040","1776870000000","1174"
"2315040","1776873600000","1568"
"2315040","1776877200000","2289"
"2315040","1776880800000","2965"
"2315040","1776884400000","3435"
"2315040","1776888000000","3795"
"2315040","1776891600000","4078"
"2315040","1776895200000","4111"
"2315040","1776898800000","4248"
"2315040","1776902400000","4380"
"2315040","1776906000000","4400"
"2315040","1776909600000","4755"
"2315040","1776913200000","5401"
"2315040","1776916800000","5909"
"2315040","1776920400000","6172"
"2315040","1776924000000","6216"
"2315040","1776927600000","5586"
"2315040","1776931200000","4594"
"2315040","1776934800000","3201"
"2315040","1776938400000","2306"
"2315040","1776942000000","1695"
"2315040","1776945600000","1344"
"2315040","1776949200000","1101"
"2315040","1776952800000","1011"
"2315040","1776956400000","1132"
"2315040","1776960000000","1574"
"2315040","1776963600000","2241"
"2315040","1776967200000","2896"
"2315040","1776970800000","3387"
"2315040","1776974400000","3735"
"2315040","1776978000000","4002"
"2315040","1776981600000","4038"
"2315040","1776985200000","3762"
"2315040","1776988800000","4198"
"2315040","1776992400000","4362"
"2315040","1776996000000","4626"
"2315040","1776999600000","5199"
"2315040","1777003200000","5663"
"2315040","1777006800000","5943"
"2315040","1777010400000","5993"
"2315040","1777014000000","5456"
"2315040","1777017600000","4382"
"2315040","1777021200000","3335"
"2315040","1777024800000","2535"
"2315040","1777028400000","1867"
"2315040","1777032000000","1409"
"2315040","1777035600000","1168"
"2315040","1777039200000","1065"
"2315040","1777042800000","1183"
"2315040","1777046400000","1629"
"2315040","1777050000000","2472"
"2315040","1777053600000","3268"
"2315040","1777057200000","3867"
"2315040","1777060800000","4193"
"2315040","1777064400000","4508"
"2315040","1777068000000","4746"
"2315040","1777071600000","4915"
"2315040","1777075200000","5029"
"2315040","1777078800000","5011"
"2315040","1777082400000","5013"
"2315040","1777086000000","5347"
"2315040","1777089600000","5557"
"2315040","1777093200000","5886"
"2315040","1777096800000","5829"
"2315040","1777100400000","5337"
"2315040","1777104000000","4394"
"2315040","1777107600000","3308"
"2315040","1777111200000","2468"
"2315040","1777114800000","1770"
"2315040","1777118400000","1366"
"2315040","1777122000000","1107"
"2315040","1777125600000","1021"
"2315040","1777129200000","1145"
"2315040","1777132800000","1576"
"2315040","1777136400000","2396"
"2315040","1777140000000","3242"
"2315040","1777143600000","3878"
"2315040","1777147200000","4194"
"2315040","1777150800000","4581"
"2315040","1777154400000","4749"
"2315040","1777158000000","4895"
"2315040","1777161600000","4971"
"2315040","1777165200000","4932"
"2315040","1777168800000","4926"
"2315040","1777172400000","5190"
"2315040","1777176000000","5465"
"2315040","1777179600000","5593"
"2315040","1777183200000","5486"
"2315040","1777186800000","4857"
"2315040","1777190400000","3667"
"2315040","1777194000000","2588"
"2315040","1777197600000","1827"
"2315040","1777201200000","1366"
"2315040","1777204800000","1082"
"2315040","1777208400000","897"
"2315040","1777212000000","854"
"2315040","1777215600000","934"
"2315040","1777219200000","1244"
"2315040","1777222800000","1849"
"2315040","1777226400000","2384"
"2315040","1777230000000","2860"
"2315040","1777233600000","3093"
"2315040","1777237200000","3269"
"2315040","1777240800000","3302"
"2315040","1777244400000","3454"
"2315040","1777248000000","3626"
"2315040","1777251600000","3676"
"2315040","1777255200000","3998"
"2315040","1777258800000","4537"
"2315040","1777262400000","5053"
"2315040","1777266000000","5403"
"2315040","1777269600000","5276"
"2315040","1777273200000","4590"
"2315040","1777276800000","3473"
"2315040","1777280400000","2515"
"2315040","1777284000000","1783"
"2315040","1777287600000","1311"
"2315040","1777291200000","997"
"2315040","1777294800000","858"
"2315040","1777298400000","795"
"2315040","1777302000000","852"
"2315040","1777305600000","1159"
"2315040","1777309200000","1649"
"2315040","1777312800000","2165"
"2315040","1777316400000","2464"
"2315040","1777320000000","2761"
"2315040","1777323600000","2937"
"2315040","1777327200000","2970"
"2315040","1777330800000","3108"
"2315040","1777334400000","3160"
"2315040","1777338000000","3260"
"2315040","1777341600000","3558"
"2315040","1777345200000","4002"
"2315040","1777348800000","4418"
"2315040","1777352400000","4665"
"2315040","1777356000000","4535"
"2315040","1777359600000","3988"
"2315040","1777363200000","3041"
"2315040","1777366800000","2201"
"2315040","1777370400000","1560"
"2315040","1777374000000","1151"
"2315040","1777377600000","914"
"2315040","1777381200000","737"
"2315040","1777384800000","705"
"2315040","1777388400000","742"
"2315040","1777392000000","1059"
"2315040","1777395600000","1574"
"2315040","1777399200000","2040"
"2315040","1777402800000","2358"
"2315040","1777406400000","2592"
"2315040","1777410000000","2742"
"2315040","1777413600000","2733"
"2315040","1777417200000","2896"
"2315040","1777420800000","2843"
"2315040","1777424400000","2968"
"2315040","1777428000000","3215"
"2315040","1777431600000","3640"
"2315040","1777435200000","4070"
"2315040","1777438800000","4318"
"2315040","1777442400000","4273"
"2315040","1777446000000","3801"
"2315040","1777449600000","2818"
"2315040","1777453200000","1989"
"2315040","1777456800000","1442"
"2315040","1777460400000","1036"
"2315040","1777464000000","833"
"2315040","1777467600000","684"
"2315040","1777471200000","663"
"2315040","1777474800000","738"
"2315040","1777478400000","1029"
"2315040","1777482000000","1448"
"2315040","1777485600000","1902"
"2315040","1777489200000","2179"
"2315040","1777492800000","2371"
"2315040","1777496400000","2503"
"2315040","1777500000000","2578"
"2315040","1777503600000","2693"
"2315040","1777507200000","2748"
"2315040","1777510800000","2742"
"2315040","1777514400000","2940"
"2315040","1777518000000","3262"
"2315040","1777521600000","3604"
"2315040","1777525200000","3844"
"2315040","1777528800000","3805"
"2315040","1777532400000","3548"
"2315040","1777536000000","2838"
"2315040","1777539600000","2071"
"2315040","1777543200000","1549"
"2315040","1777546800000","1129"
"2315040","1777550400000","847"
"2315040","1777554000000","694"
"2315040","1777557600000","656"
"2315040","1777561200000","755"
"2315040","1777564800000","1096"
"2315040","1777568400000","1595"
"2315040","1777572000000","2122"
"2315040","1777575600000","2422"
"2315040","1777579200000","2620"
"2315040","1777582800000","2859"
"2315040","1777586400000","2996"
"2315040","1777590000000","3031"
"2315040","1777593600000","3106"
"2315040","1777597200000","3115"
"2315040","1777600800000","3068"
"2315040","1777604400000","3327"
"2315040","1777608000000","3504"
"2315040","1777611600000","3623"
"2315040","1777615200000","3530"
"2315040","1777618800000","3178"
"2315040","1777622400000","2609"
"2315040","1777626000000","1990"
"2315040","1777629600000","1491"
"2315040","1777633200000","1098"
"2315040","1777636800000","820"
"2315040","1777640400000","683"
"2315040","1777644000000","630"
"2315040","1777647600000","719"
"2315040","1777651200000","956"
"2315040","1777654800000","1428"
"2315040","1777658400000","1930"
"2315040","1777662000000","2301"
"2315040","1777665600000","2489"
"2315040","1777669200000","2675"
"2315040","1777672800000","2852"
"2315040","1777676400000","2917"
"2315040","1777680000000","3005"
"2315040","1777683600000","3016"
"2315040","1777687200000","3046"
"2315040","1777690800000","3167"
"2315040","1777694400000","3303"
"2315040","1777698000000","3429"
"2315040","1777701600000","3337"
"2315040","1777705200000","3022"
"2315040","1777708800000","2440"
"2315040","1777712400000","1889"
"2315040","1777716000000","1408"
"2315040","1777719600000","1043"
"2315040","1777723200000","737"
"2315040","1777726800000","634"
"2315040","1777730400000","588"
"2315040","1777734000000","662"
"2315040","1777737600000","891"
"2315040","1777741200000","1377"
"2315040","1777744800000","1862"
"2315040","1777748400000","2149"
"2315040","1777752000000","2452"
"2315040","1777755600000","2633"
"2315040","1777759200000","2694"
"2315040","1777762800000","2818"
"2315040","1777766400000","2861"
"2315040","1777770000000","2927"
"2315040","1777773600000","2912"
"2315040","1777777200000","3033"
"2315040","1777780800000","3236"
"2315040","1777784400000","3347"
"2315040","1777788000000","3346"
"2315040","1777791600000","3062"
"2315040","1777795200000","2451"
"2315040","1777798800000","1767"
"2315040","1777802400000","1331"
"2315040","1777806000000","966"
"2315040","1777809600000","743"
"2315040","1777813200000","625"
"2315040","1777816800000","546"
"2315040","1777820400000","617"
"2315040","1777824000000","894"
"2315040","1777827600000","1238"
"2315040","1777831200000","1720"
"2315040","1777834800000","2134"
"2315040","1777838400000","2318"
"2315040","1777842000000","2491"
"2315040","1777845600000","2598"
"2315040","1777849200000","2656"
"2315040","1777852800000","2755"
"2315040","1777856400000","2802"
"2315040","1777860000000","2729"
"2315040","1777863600000","2983"
"2315040","1777867200000","3182"
"2315040","1777870800000","3358"
"2315040","1777874400000","3335"
"2315040","1777878000000","3002"
"2315040","1777881600000","2465"
"2315040","1777885200000","1817"
"2315040","1777888800000","1295"
"2315040","1777892400000","971"
"2315040","1777896000000","694"
"2315040","1777899600000","576"
"2315040","1777903200000","542"
"2315040","1777906800000","590"
"2315040","1777910400000","841"
"2315040","1777914000000","1257"
"2315040","1777917600000","1756"
"2315040","1777921200000","2147"
"2315040","1777924800000","2317"
"2315040","1777928400000","2500"
"2315040","1777932000000","2637"
"2315040","1777935600000","2719"
"2315040","1777939200000","2814"
"2315040","1777942800000","2842"
"2315040","1777946400000","2934"
"2315040","1777950000000","3100"
"2315040","1777953600000","3218"
"2315040","1777957200000","3333"
"2315040","1777960800000","3257"
"2315040","1777964400000","2835"
"2315040","1777968000000","2029"
"2315040","1777971600000","1454"
"2315040","1777975200000","1043"
"2315040","1777978800000","781"
"2315040","1777982400000","601"
"2315040","1777986000000","483"
"2315040","1777989600000","466"
"2315040","1777993200000","520"
"2315040","1777996800000","731"
"2315040","1778000400000","1117"
"2315040","1778004000000","1526"
"2315040","1778007600000","1781"
"2315040","1778011200000","1987"
"2315040","1778014800000","2110"
"2315040","1778018400000","2104"
"2315040","1778022000000","2232"
"2315040","1778025600000","2284"
"2315040","1778029200000","2252"
"2315040","1778032800000","2445"
"2315040","1778036400000","2778"
"2315040","1778040000000","3158"
"2315040","1778043600000","3402"
"2315040","1778047200000","3296"
"2315040","1778050800000","2809"
"2315040","1778054400000","2065"
"2315040","1778058000000","1451"
"2315040","1778061600000","1007"
"2315040","1778065200000","722"
"2315040","1778068800000","561"
"2315040","1778072400000","471"
"2315040","1778076000000","464"
"2315040","1778079600000","483"
"2315040","1778083200000","681"
"2315040","1778086800000","1052"
"2315040","1778090400000","1405"
"2315040","1778094000000","1678"
"2315040","1778097600000","1889"
"2315040","1778101200000","1984"
"2315040","1778104800000","2067"
"2315040","1778108400000","2133"
"2315040","1778112000000","2191"
"2315040","1778115600000","2159"
"2315040","1778119200000","2304"
"2315040","1778122800000","2661"
"2315040","1778126400000","3025"
"2315040","1778130000000","3234"
"2315040","1778133600000","3147"
"2315040","1778137200000","2778"
"2315040","1778140800000","2097"
"2315040","1778144400000","1457"
"2315040","1778148000000","1056"
"2315040","1778151600000","796"
"2315040","1778155200000","604"
"2315040","1778158800000","482"
"2315040","1778162400000","463"
"2315040","1778166000000","486"
"2315040","1778169600000","691"
"2315040","1778173200000","1051"
"2315040","1778176800000","1370"
"2315040","1778180400000","1608"
"2315040","1778184000000","1766"
"2315040","1778187600000","1898"
"2315040","1778191200000","1862"
"2315040","1778194800000","1950"
"2315040","1778198400000","2065"
"2315040","1778202000000","2067"
"2315040","1778205600000","2117"
"2315040","1778209200000","2492"
"2315040","1778212800000","2885"
"2315040","1778216400000","3058"
"2315040","1778220000000","3008"
"2315040","1778223600000","2645"
"2315040","1778227200000","2002"
"2315040","1778230800000","1381"
"2315040","1778234400000","996"
"2315040","1778238000000","676"
"2315040","1778241600000","522"
"2315040","1778245200000","443"
"2315040","1778248800000","413"
"2315040","1778252400000","460"
"2315040","1778256000000","653"
"2315040","1778259600000","1045"
"2315040","1778263200000","1419"
"2315040","1778266800000","1632"
"2315040","1778270400000","1750"
"2315040","1778274000000","1907"
"2315040","1778277600000","1939"
"2315040","1778281200000","1971"
"2315040","1778284800000","2055"
"2315040","1778288400000","2022"
"2315040","1778292000000","2117"
"2315040","1778295600000","2428"
"2315040","1778299200000","2709"
"2315040","1778302800000","2912"
"2315040","1778306400000","2955"
"2315040","1778310000000","2725"
"2315040","1778313600000","2141"
"2315040","1778317200000","1556"
"2315040","1778320800000","1116"
"2315040","1778324400000","791"
"2315040","1778328000000","608"
"2315040","1778331600000","501"
"2315040","1778335200000","447"
"2315040","1778338800000","530"
"4025700","1777082400000","17745"
"4025700","1777086000000","19060"
"4025700","1777089600000","20766"
"4025700","1777093200000","22482"
"4025700","1777096800000","23684"
"4025700","1777100400000","23750"
"4025700","1777104000000","22670"
"4025700","1777107600000","20229"
"4025700","1777111200000","18026"
"4025700","1777114800000","15990"
"4025700","1777118400000","14309"
"4025700","1777122000000","13443"
"4025700","1777125600000","12413"
"4025700","1777129200000","12386"
"4025700","1777132800000","12454"
"4025700","1777136400000","13113"
"4025700","1777140000000","14275"
"4025700","1777143600000","15039"
"4025700","1777147200000","15715"
"4025700","1777150800000","15989"
"4025700","1777154400000","16390"
"4025700","1777158000000","16849"
"4025700","1777161600000","17082"
"4025700","1777165200000","17570"
"4025700","1777168800000","17690"
"4025700","1777172400000","18835"
"4025700","1777176000000","20050"
"4025700","1777179600000","21584"
"4025700","1777183200000","22965"
"4025700","1777186800000","22652"
"4025700","1777190400000","20772"
"4025700","1777194000000","18432"
"4025700","1777197600000","16097"
"4025700","1777201200000","14519"
"4025700","1777204800000","13013"
"4025700","1777208400000","12066"
"4025700","1777212000000","11249"
"4025700","1777215600000","11574"
"4025700","1777219200000","11540"
"4025700","1777222800000","11880"
"4025700","1777226400000","12252"
"4025700","1777230000000","12444"
"4025700","1777233600000","12774"
"4025700","1777237200000","12862"
"4025700","1777240800000","12870"
"4025700","1777244400000","12969"
"4025700","1777248000000","13238"
"4025700","1777251600000","13778"
"4025700","1777255200000","14974"
"4025700","1777258800000","17125"
"4025700","1777262400000","19499"
"4025700","1777266000000","21609"
"4025700","1777269600000","22501"
"4025700","1777273200000","21566"
"4025700","1777276800000","19372"
"4025700","1777280400000","17182"
"4025700","1777284000000","15017"
"4025700","1777287600000","13362"
"4025700","1777291200000","12056"
"4025700","1777294800000","11510"
"4025700","1777298400000","10989"
"4025700","1777302000000","11574"
"4025700","1777305600000","11701"
"4025700","1777309200000","11898"
"4025700","1777312800000","12271"
"4025700","1777316400000","12273"
"4025700","1777320000000","12242"
"4025700","1777323600000","12309"
"4025700","1777327200000","12402"
"4025700","1777330800000","12543"
"4025700","1777334400000","12966"
"4025700","1777338000000","13202"
"4025700","1777341600000","13857"
"4025700","1777345200000","15934"
"4025700","1777348800000","17887"
"4025700","1777352400000","20027"
"4025700","1777356000000","20808"
"4025700","1777359600000","20238"
"4025700","1777363200000","18652"
"4025700","1777366800000","16394"
"4025700","1777370400000","14000"
"4025700","1777374000000","12474"
"4025700","1777377600000","11225"
"4025700","1777381200000","10857"
"4025700","1777384800000","9891"
"4025700","1777388400000","10685"
"4025700","1777392000000","10950"
"4025700","1777395600000","11421"
"4025700","1777399200000","11895"
"4025700","1777402800000","11764"
"4025700","1777406400000","11889"
"4025700","1777410000000","12006"
"4025700","1777413600000","12152"
"4025700","1777417200000","12242"
"4025700","1777420800000","12432"
"4025700","1777424400000","12687"
"4025700","1777428000000","13282"
"4025700","1777431600000","15034"
"4025700","1777435200000","16805"
"4025700","1777438800000","18703"
"4025700","1777442400000","19780"
"4025700","1777446000000","19368"
"4025700","1777449600000","17672"
"4025700","1777453200000","15703"
"4025700","1777456800000","13478"
"4025700","1777460400000","11896"
"4025700","1777464000000","9836"
"4025700","1777467600000","3515"
"4025700","1777471200000","3077"
"4025700","1777474800000","8459"
"4025700","1777478400000","11053"
"4025700","1777482000000","12139"
"4025700","1777485600000","12926"
"4025700","1777489200000","13326"
"4025700","1777492800000","13683"
"4025700","1777496400000","14150"
"4025700","1777500000000","14328"
"4025700","1777503600000","14587"
"4025700","1777507200000","14958"
"4025700","1777510800000","15320"
"4025700","1777514400000","15996"
"4025700","1777518000000","18024"
"4025700","1777521600000","20385"
"4025700","1777525200000","22627"
"4025700","1777528800000","24119"
"4025700","1777532400000","23393"
"4025700","1777536000000","19133"
"4025700","1777539600000","14869"
"4025700","1777543200000","15042"
"4025700","1777546800000","14644"
"4025700","1777550400000","13595"
"4025700","1777554000000","12807"
"4025700","1777557600000","12212"
"4025700","1777561200000","12670"
"4025700","1777564800000","13118"
"4025700","1777568400000","13961"
"4025700","1777572000000","15316"
"4025700","1777575600000","16514"
"4025700","1777579200000","17649"
"4025700","1777582800000","19128"
"4025700","1777586400000","20437"
"4025700","1777590000000","20821"
"4025700","1777593600000","20894"
"4025700","1777597200000","20620"
"4025700","1777600800000","20100"
"4025700","1777604400000","20501"
"4025700","1777608000000","21388"
"4025700","1777611600000","23064"
"4025700","1777615200000","24356"
"4025700","1777618800000","24816"
"4025700","1777622400000","23670"
"4025700","1777626000000","21651"
"4025700","1777629600000","19180"
"4025700","1777633200000","17206"
"4025700","1777636800000","15574"
"4025700","1777640400000","14599"
"4025700","1777644000000","13705"
"4025700","1777647600000","13497"
"4025700","1777651200000","13232"
"4025700","1777654800000","13846"
"4025700","1777658400000","14876"
"4025700","1777662000000","15818"
"4025700","1777665600000","16151"
"4025700","1777669200000","16747"
"4025700","1777672800000","17335"
"4025700","1777676400000","17342"
"4025700","1777680000000","17558"
"4025700","1777683600000","17543"
"4025700","1777687200000","18064"
"4025700","1777690800000","19084"
"4025700","1777694400000","20665"
"4025700","1777698000000","22743"
"4025700","1777701600000","24268"
"4025700","1777705200000","24544"
"4025700","1777708800000","23588"
"4025700","1777712400000","21557"
"4025700","1777716000000","19027"
"4025700","1777719600000","17002"
"4025700","1777723200000","15161"
"4025700","1777726800000","13966"
"4025700","1777730400000","12972"
"4025700","1777734000000","12830"
"4025700","1777737600000","12936"
"4025700","1777741200000","13641"
"4025700","1777744800000","14675"
"4025700","1777748400000","15514"
"4025700","1777752000000","15953"
"4025700","1777755600000","16445"
"4025700","1777759200000","16716"
"4025700","1777762800000","16938"
"4025700","1777766400000","17401"
"4025700","1777770000000","17679"
"4025700","1777773600000","18029"
"4025700","1777777200000","19044"
"4025700","1777780800000","20534"
"4025700","1777784400000","22229"
"4025700","1777788000000","23460"
"4025700","1777791600000","23242"
"4025700","1777795200000","21934"
"4025700","1777798800000","19593"
"4025700","1777802400000","17380"
"4025700","1777806000000","15659"
"4025700","1777809600000","13919"
"4025700","1777813200000","12693"
"4025700","1777816800000","11867"
"4025700","1777820400000","11744"
"4025700","1777824000000","11820"
"4025700","1777827600000","12346"
"4025700","1777831200000","13038"
"4025700","1777834800000","13118"
"4025700","1777838400000","13385"
"4025700","1777842000000","13686"
"4025700","1777845600000","13967"
"4025700","1777849200000","14125"
"4025700","1777852800000","14393"
"4025700","1777856400000","14500"
"4025700","1777860000000","15349"
"4025700","1777863600000","17111"
"4025700","1777867200000","19387"
"4025700","1777870800000","21506"
"4025700","1777874400000","22665"
"4025700","1777878000000","22192"
"4025700","1777881600000","20527"
"4025700","1777885200000","17957"
"4025700","1777888800000","15726"
"4025700","1777892400000","13842"
"4025700","1777896000000","12334"
"4025700","1777899600000","11645"
"4025700","1777903200000","11082"
"4025700","1777906800000","11184"
"4025700","1777910400000","11348"
"4025700","1777914000000","11995"
"4025700","1777917600000","12676"
"4025700","1777921200000","12744"
"4025700","1777924800000","12855"
"4025700","1777928400000","13390"
"4025700","1777932000000","13516"
"4025700","1777935600000","13767"
"4025700","1777939200000","13977"
"4025700","1777942800000","14096"
"4025700","1777946400000","14646"
"4025700","1777950000000","16475"
"4025700","1777953600000","18426"
"4025700","1777957200000","20424"
"4025700","1777960800000","21619"
"4025700","1777964400000","21245"
"4025700","1777968000000","19160"
"4025700","1777971600000","16916"
"4025700","1777975200000","14600"
"4025700","1777978800000","13090"
"4025700","1777982400000","11609"
"4025700","1777986000000","11036"
"4025700","1777989600000","10426"
"4025700","1777993200000","10634"
"4025700","1777996800000","10855"
"4025700","1778000400000","11328"
"4025700","1778004000000","11833"
"4025700","1778007600000","12017"
"4025700","1778011200000","12119"
"4025700","1778014800000","12391"
"4025700","1778018400000","12409"
"4025700","1778022000000","12565"
"4025700","1778025600000","13001"
"4025700","1778029200000","13395"
"4025700","1778032800000","14575"
"4025700","1778036400000","17079"
"4025700","1778040000000","19492"
"4025700","1778043600000","21453"
"4025700","1778047200000","22504"
"4025700","1778050800000","21517"
"4025700","1778054400000","19375"
"4025700","1778058000000","16965"
"4025700","1778061600000","14729"
"4025700","1778065200000","13175"
"4025700","1778068800000","11768"
"4025700","1778072400000","11088"
"4025700","1778076000000","10750"
"4025700","1778079600000","11577"
"4025700","1778083200000","11788"
"4025700","1778086800000","12275"
"4025700","1778090400000","12543"
"4025700","1778094000000","12419"
"4025700","1778097600000","12346"
"4025700","1778101200000","12740"
"4025700","1778104800000","12620"
"4025700","1778108400000","12573"
"4025700","1778112000000","12890"
"4025700","1778115600000","13360"
"4025700","1778119200000","14255"
"4025700","1778122800000","16145"
"4025700","1778126400000","18419"
"4025700","1778130000000","20358"
"4025700","1778133600000","21315"
"4025700","1778137200000","20026"
"4025700","1778140800000","16671"
"4025700","1778144400000","12863"
"4025700","1778148000000","12552"
"4025700","1778151600000","12056"
"4025700","1778155200000","11025"
"4025700","1778158800000","10669"
"4025700","1778162400000","10319"
"4025700","1778166000000","10569"
"4025700","1778169600000","10849"
"4025700","1778173200000","11488"
"4025700","1778176800000","12055"
"4025700","1778180400000","12144"
"4025700","1778184000000","12102"
"4025700","1778187600000","12083"
"4025700","1778191200000","12217"
"4025700","1778194800000","12372"
"4025700","1778198400000","12669"
"4025700","1778202000000","13182"
"4025700","1778205600000","13892"
"4025700","1778209200000","15897"
"4025700","1778212800000","17941"
"4025700","1778216400000","20071"
"4025700","1778220000000","21351"
"4025700","1778223600000","21031"
"4025700","1778227200000","19769"
"4025700","1778230800000","17466"
"4025700","1778234400000","15069"
"4025700","1778238000000","13478"
"4025700","1778241600000","12113"
"4025700","1778245200000","11619"
"4025700","1778248800000","11422"
"4025700","1778252400000","11967"
"4025700","1778256000000","12806"
"4025700","1778259600000","14120"
"4025700","1778263200000","15180"
"4025700","1778266800000","16171"
"4025700","1778270400000","17267"
"4025700","1778274000000","17978"
"4025700","1778277600000","18862"
"4025700","1778281200000","19065"
"4025700","1778284800000","19383"
"4025700","1778288400000","20265"
"4025700","1778292000000","20328"
"4025700","1778295600000","21825"
"4025700","1778299200000","23554"
"4025700","1778302800000","25561"
"4025700","1778306400000","27488"
"4025700","1778310000000","27580"
"4025700","1778313600000","25926"
"4025700","1778317200000","23583"
"4025700","1778320800000","20730"
"4025700","1778324400000","18202"
"4025700","1778328000000","16230"
"4025700","1778331600000","14901"
"4025700","1778335200000","13813"
"4025700","1778338800000","13848"
"1974050","1778342400000","8128"
"2315040","1778342400000","2141"
"4025700","1778342400000","25926"
"1974050","1778346000000","7700"
"2315040","1778346000000","1556"
"4025700","1778346000000","23583"
"1974050","1778349600000","7345"
"2315040","1778349600000","1116"
"4025700","1778349600000","20730"
"1974050","1778353200000","6875"
"2315040","1778353200000","791"
"4025700","1778353200000","18202"
"1974050","1778356800000","6399"
"2315040","1778356800000","608"
"4025700","1778356800000","16230"
"1974050","1778360400000","5827"
"2315040","1778360400000","501"
"4025700","1778360400000","14901"
"1974050","1778364000000","5279"
"2315040","1778364000000","447"
"4025700","1778364000000","13813"
"1974050","1778367600000","4933"
"2315040","1778367600000","530"
"4025700","1778367600000","13848"
"1974050","1778371200000","4697"
"2315040","1778371200000","738"
"4025700","1778371200000","13715"
"1974050","1778374800000","4825"
"2315040","1778374800000","1132"
"4025700","1778374800000","14383"
"1974050","1778378400000","4958"
"2315040","1778378400000","1556"
"4025700","1778378400000","15734"
"1974050","1778382000000","4996"
"2315040","1778382000000","1901"
"4025700","1778382000000","16564"
"1974050","1778385600000","5051"
"2315040","1778385600000","2032"
"4025700","1778385600000","17679"
"1974050","1778389200000","5347"
"2315040","1778389200000","2204"
"4025700","1778389200000","18305"
"1974050","1778392800000","5646"
"2315040","1778392800000","2298"
"4025700","1778392800000","18913"
"1974050","1778396400000","6116"
"2315040","1778396400000","2414"
"4025700","1778396400000","18889"
"1974050","1778400000000","6581"
"2315040","1778400000000","2484"
"4025700","1778400000000","19152"
"1974050","1778403600000","6930"
"2315040","1778403600000","2462"
"4025700","1778403600000","19881"
"1974050","1778407200000","7227"
"2315040","1778407200000","2470"
"4025700","1778407200000","19806"
"1974050","1778410800000","7468"
"2315040","1778410800000","2565"
"4025700","1778410800000","21105"
"1974050","1778414400000","7943"
"2315040","1778414400000","2739"
"4025700","1778414400000","22494"
"1974050","1778418000000","8010"
"2315040","1778418000000","2856"
"4025700","1778418000000","24105"
"1974050","1778421600000","8042"
"2315040","1778421600000","2794"
"4025700","1778421600000","24844"
"1974050","1778425200000","7869"
"2315040","1778425200000","2425"
"4025700","1778425200000","24221"
"1974050","1778428800000","7384"
"2315040","1778428800000","1818"
"4025700","1778428800000","22144"
"1974050","1778432400000","6922"
"2315040","1778432400000","1273"
"4025700","1778432400000","19430"
"1974050","1778436000000","6589"
"2315040","1778436000000","911"
"4025700","1778436000000","16868"
"1974050","1778439600000","6138"
"2315040","1778439600000","662"
"4025700","1778439600000","14880"
"1974050","1778443200000","5681"
"2315040","1778443200000","492"
"4025700","1778443200000","13642"
"1974050","1778446800000","5221"
"2315040","1778446800000","406"
"4025700","1778446800000","12748"
"1974050","1778450400000","4494"
"2315040","1778450400000","373"
"4025700","1778450400000","11947"
"1974050","1778454000000","3983"
"2315040","1778454000000","441"
"4025700","1778454000000","12043"
"1974050","1778457600000","3760"
"2315040","1778457600000","609"
"4025700","1778457600000","12005"
"1974050","1778461200000","3707"
"2315040","1778461200000","945"
"4025700","1778461200000","12491"
"1974050","1778464800000","3739"
"2315040","1778464800000","1223"
"4025700","1778464800000","13034"
"1974050","1778468400000","3630"
"2315040","1778468400000","1469"
"4025700","1778468400000","13244"
"1974050","1778472000000","3623"
"2315040","1778472000000","1622"
"4025700","1778472000000","13680"
"1974050","1778475600000","3794"
"2315040","1778475600000","1648"
"4025700","1778475600000","13866"
"1974050","1778479200000","4061"
"2315040","1778479200000","1676"
"4025700","1778479200000","14081"
"1974050","1778482800000","4339"
"2315040","1778482800000","1768"
"4025700","1778482800000","14063"
"1974050","1778486400000","4649"
"2315040","1778486400000","1774"
"4025700","1778486400000","14444"
"1974050","1778490000000","5014"
"2315040","1778490000000","1811"
"4025700","1778490000000","14966"
"1974050","1778493600000","5548"
"2315040","1778493600000","1965"
"4025700","1778493600000","15940"
"1974050","1778497200000","6112"
"2315040","1778497200000","2254"
"4025700","1778497200000","18129"
"1974050","1778500800000","6732"
"2315040","1778500800000","2568"
"4025700","1778500800000","20387"
"1974050","1778504400000","7124"
"2315040","1778504400000","2715"
"4025700","1778504400000","22264"
"1974050","1778508000000","7269"
"2315040","1778508000000","2650"
"4025700","1778508000000","23306"
"1974050","1778511600000","6996"
"2315040","1778511600000","2292"
"4025700","1778511600000","22602"
"1974050","1778515200000","6655"
"2315040","1778515200000","1684"
"4025700","1778515200000","20582"
"1974050","1778518800000","6251"
"2315040","1778518800000","1180"
"4025700","1778518800000","18138"
"1974050","1778522400000","6024"
"2315040","1778522400000","810"
"4025700","1778522400000","15793"
"1974050","1778526000000","5551"
"2315040","1778526000000","578"
"4025700","1778526000000","13924"
"1974050","1778529600000","5033"
"2315040","1778529600000","462"
"4025700","1778529600000","12494"
"1974050","1778533200000","4524"
"2315040","1778533200000","382"
"4025700","1778533200000","11910"
"1974050","1778536800000","3984"
"2315040","1778536800000","381"
"4025700","1778536800000","11361"
"1974050","1778540400000","3609"
"2315040","1778540400000","437"
"4025700","1778540400000","11804"
"1974050","1778544000000","3479"
"2315040","1778544000000","601"
"4025700","1778544000000","11773"
"1974050","1778547600000","3418"
"2315040","1778547600000","906"
"4025700","1778547600000","12111"
"1974050","1778551200000","3382"
"2315040","1778551200000","1148"
"4025700","1778551200000","12588"
"1974050","1778554800000","3387"
"2315040","1778554800000","1301"
"4025700","1778554800000","12825"
"1974050","1778558400000","3281"
"2315040","1778558400000","1479"
"4025700","1778558400000","13079"
"1974050","1778562000000","3389"
"2315040","1778562000000","1558"
"4025700","1778562000000","13507"
"1974050","1778565600000","3575"
"2315040","1778565600000","1572"
"4025700","1778565600000","13637"
"1974050","1778569200000","3857"
"2315040","1778569200000","1644"
"4025700","1778569200000","13741"
"1974050","1778572800000","4084"
"2315040","1778572800000","1727"
"4025700","1778572800000","14111"
"1974050","1778576400000","4429"
"2315040","1778576400000","1760"
"4025700","1778576400000","15599"
"1974050","1778580000000","4730"
"2315040","1778580000000","1764"
"4025700","1778580000000","17590"
"1974050","1778583600000","5460"
"2315040","1778583600000","2098"
"4025700","1778583600000","21128"
"1974050","1778587200000","6040"
"2315040","1778587200000","2417"
"4025700","1778587200000","24468"
"1974050","1778590800000","6383"
"2315040","1778590800000","2580"
"4025700","1778590800000","26472"
"1974050","1778594400000","6450"
"2315040","1778594400000","2550"
"4025700","1778594400000","27226"
"1974050","1778598000000","6386"
"2315040","1778598000000","2206"
"4025700","1778598000000","25535"
"1974050","1778601600000","6100"
"2315040","1778601600000","1542"
"4025700","1778601600000","22211"
"1974050","1778605200000","5814"
"2315040","1778605200000","1079"
"4025700","1778605200000","18851"
"1974050","1778608800000","5535"
"2315040","1778608800000","730"
"4025700","1778608800000","15919"
"1974050","1778612400000","5157"
"2315040","1778612400000","522"
"4025700","1778612400000","13876"
"1974050","1778616000000","4682"
"2315040","1778616000000","398"
"4025700","1778616000000","12273"
"1974050","1778619600000","4224"
"2315040","1778619600000","341"
"4025700","1778619600000","11758"
"1974050","1778623200000","2976"
"2315040","1778623200000","317"
"4025700","1778623200000","10798"
"1974050","1778626800000","3424"
"2315040","1778626800000","365"
"4025700","1778626800000","12340"
"1974050","1778630400000","3254"
"2315040","1778630400000","525"
"4025700","1778630400000","12676"
"1974050","1778634000000","3197"
"2315040","1778634000000","850"
"4025700","1778634000000","12987"
"1974050","1778637600000","3181"
"2315040","1778637600000","1130"
"4025700","1778637600000","13014"
"1974050","1778641200000","3126"
"2315040","1778641200000","1306"
"4025700","1778641200000","13038"
"1974050","1778644800000","3176"
"2315040","1778644800000","1417"
"4025700","1778644800000","13097"
"1974050","1778648400000","3288"
"2315040","1778648400000","1484"
"4025700","1778648400000","12833"
"1974050","1778652000000","3447"
"2315040","1778652000000","1499"
"4025700","1778652000000","12597"
"1974050","1778655600000","3673"
"2315040","1778655600000","1594"
"4025700","1778655600000","12596"
"1974050","1778659200000","3914"
"2315040","1778659200000","1661"
"4025700","1778659200000","12858"
"1974050","1778662800000","4216"
"2315040","1778662800000","1677"
"4025700","1778662800000","13438"
"1974050","1778666400000","4387"
"2315040","1778666400000","1734"
"4025700","1778666400000","14255"
"1974050","1778670000000","4992"
"2315040","1778670000000","1926"
"4025700","1778670000000","16059"
"1974050","1778673600000","5531"
"2315040","1778673600000","2288"
"4025700","1778673600000","18136"
"1974050","1778677200000","5847"
"2315040","1778677200000","2461"
"4025700","1778677200000","19929"
"1974050","1778680800000","5996"
"2315040","1778680800000","2379"
"4025700","1778680800000","20693"
"1974050","1778684400000","5787"
"2315040","1778684400000","2039"
"4025700","1778684400000","20244"
"1974050","1778688000000","5566"
"2315040","1778688000000","1433"
"4025700","1778688000000","18355"
"1974050","1778691600000","5244"
"2315040","1778691600000","1048"
"4025700","1778691600000","16124"
"1974050","1778695200000","5042"
"2315040","1778695200000","738"
"4025700","1778695200000","14178"
"1974050","1778698800000","4775"
"2315040","1778698800000","513"
"4025700","1778698800000","12384"
"1974050","1778702400000","4421"
"2315040","1778702400000","400"
"4025700","1778702400000","11185"
"1974050","1778706000000","3990"
"2315040","1778706000000","312"
"4025700","1778706000000","10686"
"1974050","1778709600000","3589"
"2315040","1778709600000","323"
"4025700","1778709600000","10360"
"1974050","1778713200000","3242"
"2315040","1778713200000","358"
"4025700","1778713200000","10710"
"1974050","1778716800000","3117"
"2315040","1778716800000","552"
"4025700","1778716800000","10765"
"1974050","1778720400000","3061"
"2315040","1778720400000","843"
"4025700","1778720400000","11163"
"1974050","1778724000000","3025"
"2315040","1778724000000","1065"
"4025700","1778724000000","11565"
"1974050","1778727600000","3017"
"2315040","1778727600000","1217"
"4025700","1778727600000","11698"
"1974050","1778731200000","2974"
"2315040","1778731200000","1325"
"4025700","1778731200000","11969"
"1974050","1778734800000","3019"
"2315040","1778734800000","1402"
"4025700","1778734800000","12097"
"1974050","1778738400000","3197"
"2315040","1778738400000","1395"
"4025700","1778738400000","12453"
"1974050","1778742000000","3395"
"2315040","1778742000000","1484"
"4025700","1778742000000","12371"
"1974050","1778745600000","3819"
"2315040","1778745600000","1514"
"4025700","1778745600000","12735"
"1974050","1778749200000","4107"
"2315040","1778749200000","1486"
"4025700","1778749200000","13385"
"1974050","1778752800000","4477"
"2315040","1778752800000","1613"
"4025700","1778752800000","14602"
"1974050","1778756400000","4889"
"2315040","1778756400000","1908"
"4025700","1778756400000","16921"
"1974050","1778760000000","5321"
"2315040","1778760000000","2137"
"4025700","1778760000000","19125"
"1974050","1778763600000","5746"
"2315040","1778763600000","2277"
"4025700","1778763600000","20954"
"1974050","1778767200000","5855"
"2315040","1778767200000","2208"
"4025700","1778767200000","21908"
"1974050","1778770800000","5607"
"2315040","1778770800000","1878"
"4025700","1778770800000","20854"
"1974050","1778774400000","5321"
"2315040","1778774400000","1318"
"4025700","1778774400000","18826"
"1974050","1778778000000","4979"
"2315040","1778778000000","882"
"4025700","1778778000000","16403"
"1974050","1778781600000","4653"
"2315040","1778781600000","582"
"4025700","1778781600000","13991"
"1974050","1778785200000","4440"
"2315040","1778785200000","404"
"4025700","1778785200000","12297"
"1974050","1778788800000","4050"
"2315040","1778788800000","327"
"4025700","1778788800000","11060"
"1974050","1778792400000","3701"
"2315040","1778792400000","287"
"4025700","1778792400000","10671"
"1974050","1778796000000","3300"
"2315040","1778796000000","278"
"4025700","1778796000000","10337"
"1974050","1778799600000","2964"
"2315040","1778799600000","350"
"4025700","1778799600000","10883"
"1974050","1778803200000","2881"
"2315040","1778803200000","506"
"4025700","1778803200000","10930"
"1974050","1778806800000","2952"
"2315040","1778806800000","946"
"4025700","1778806800000","11159"
"1974050","1778810400000","3628"
"2315040","1778810400000","2675"
"4025700","1778810400000","11595"
"1974050","1778814000000","3698"
"2315040","1778814000000","2869"
"4025700","1778814000000","11780"
"1974050","1778817600000","3689"
"2315040","1778817600000","3098"
"4025700","1778817600000","11950"
"1974050","1778821200000","3755"
"2315040","1778821200000","3224"
"4025700","1778821200000","11968"
"1974050","1778824800000","3949"
"2315040","1778824800000","3151"
"4025700","1778824800000","12087"
"1974050","1778828400000","4206"
"2315040","1778828400000","3175"
"4025700","1778828400000","11952"
"1974050","1778832000000","4416"
"2315040","1778832000000","3212"
"4025700","1778832000000","12230"
"1974050","1778835600000","4698"
"2315040","1778835600000","3113"
"4025700","1778835600000","12757"
"1974050","1778839200000","4890"
"2315040","1778839200000","3154"
"4025700","1778839200000","13324"
"1974050","1778842800000","5361"
"2315040","1778842800000","3411"
"4025700","1778842800000","14924"
"1974050","1778846400000","5659"
"2315040","1778846400000","3673"
"4025700","1778846400000","16807"
"1974050","1778850000000","6008"
"2315040","1778850000000","3775"
"4025700","1778850000000","18717"
"1974050","1778853600000","6122"
"2315040","1778853600000","3729"
"4025700","1778853600000","20121"
"1974050","1778857200000","6102"
"2315040","1778857200000","3396"
"4025700","1778857200000","20055"
"1974050","1778860800000","5848"
"2315040","1778860800000","2705"
"4025700","1778860800000","18833"
"1974050","1778864400000","5482"
"2315040","1778864400000","2098"
"4025700","1778864400000","16823"
"1974050","1778868000000","5142"
"2315040","1778868000000","1594"
"4025700","1778868000000","14574"
"1974050","1778871600000","4811"
"2315040","1778871600000","1182"
"4025700","1778871600000","12715"
"1974050","1778875200000","4349"
"2315040","1778875200000","808"
"4025700","1778875200000","10722"
"1974050","1778878800000","4092"
"2315040","1778878800000","664"
"4025700","1778878800000","8897"
"1974050","1778882400000","3743"
"2315040","1778882400000","641"
"4025700","1778882400000","7961"
"1974050","1778886000000","3437"
"2315040","1778886000000","728"
"4025700","1778886000000","9675"
"1974050","1778889600000","3436"
"2315040","1778889600000","1036"
"4025700","1778889600000","10555"
"1974050","1778893200000","3501"
"2315040","1778893200000","1533"
"4025700","1778893200000","11306"
"1974050","1778896800000","3578"
"2315040","1778896800000","2018"
"4025700","1778896800000","12315"
"1974050","1778900400000","3723"
"2315040","1778900400000","2321"
"4025700","1778900400000","12993"
"1974050","1778904000000","3765"
"2315040","1778904000000","2502"
"4025700","1778904000000","13732"
"1974050","1778907600000","3894"
"2315040","1778907600000","2676"
"4025700","1778907600000","14298"
"1974050","1778911200000","4104"
"2315040","1778911200000","2700"
"4025700","1778911200000","14649"
"1974050","1778914800000","4357"
"2315040","1778914800000","2715"
"4025700","1778914800000","15094"
"1974050","1778918400000","4570"
"2315040","1778918400000","2766"
"4025700","1778918400000","15071"
"1974050","1778922000000","4813"
"2315040","1778922000000","2716"
"4025700","1778922000000","15760"
"1974050","1778925600000","4996"
"2315040","1778925600000","2641"
"4025700","1778925600000","16032"
"1974050","1778929200000","5175"
"2315040","1778929200000","2633"
"4025700","1778929200000","17536"
"1974050","1778932800000","5441"
"2315040","1778932800000","2687"
"4025700","1778932800000","19280"
"1974050","1778936400000","5837"
"2315040","1778936400000","2738"
"4025700","1778936400000","20887"
"1974050","1778940000000","5845"
"2315040","1778940000000","2627"
"4025700","1778940000000","21935"
"1974050","1778943600000","5824"
"2315040","1778943600000","2381"
"4025700","1778943600000","0"
"1974050","1778947200000","5555"
"2315040","1778947200000","1917"
"4025700","1778947200000","20507"
"1974050","1778950800000","4998"
"2315040","1778950800000","1352"
"4025700","1778950800000","18238"
"1974050","1778954400000","4867"
"2315040","1778954400000","1107"
"4025700","1778954400000","15912"
"1974050","1778958000000","4481"
"2315040","1778958000000","800"
"4025700","1778958000000","13862"
"1974050","1778961600000","4263"
"2315040","1778961600000","599"
"4025700","1778961600000","12258"
"1974050","1778965200000","3873"
"2315040","1778965200000","484"
"4025700","1778965200000","11596"
"1974050","1778968800000","3548"
"2315040","1778968800000","433"
"4025700","1778968800000","10708"
"1974050","1778972400000","3230"
"2315040","1778972400000","522"
"4025700","1778972400000","10854"
"1974050","1778976000000","3201"
"2315040","1778976000000","711"
"4025700","1778976000000","11003"
"1974050","1778979600000","3275"
"2315040","1778979600000","1100"
"4025700","1778979600000","11496"
"1974050","1778983200000","3380"
"2315040","1778983200000","1522"
"4025700","1778983200000","12331"
"1974050","1778986800000","3444"
"2315040","1778986800000","1791"
"4025700","1778986800000","13154"
"1974050","1778990400000","3517"
"2315040","1778990400000","1939"
"4025700","1778990400000","14188"
"1974050","1778994000000","3675"
"2315040","1778994000000","2114"
"4025700","1778994000000","14539"
"1974050","1778997600000","3908"
"2315040","1778997600000","2215"
"4025700","1778997600000","14849"
"1974050","1779001200000","4212"
"2315040","1779001200000","2299"
"4025700","1779001200000","15219"
"1974050","1779004800000","4408"
"2315040","1779004800000","2356"
"4025700","1779004800000","15350"
"1974050","1779008400000","4657"
"2315040","1779008400000","2360"
"4025700","1779008400000","15866"
"1974050","1779012000000","4884"
"2315040","1779012000000","2290"
"4025700","1779012000000","15744"
"1974050","1779015600000","5129"
"2315040","1779015600000","2412"
"4025700","1779015600000","16633"
"1974050","1779019200000","5352"
"2315040","1779019200000","2544"
"4025700","1779019200000","18000"
"1974050","1779022800000","5558"
"2315040","1779022800000","2675"
"4025700","1779022800000","19390"
"1974050","1779026400000","5559"
"2315040","1779026400000","2564"
"4025700","1779026400000","20286"
"1974050","1779030000000","5412"
"2315040","1779030000000","2166"
"4025700","1779030000000","19945"
"1974050","1779033600000","5186"
"2315040","1779033600000","1716"
"4025700","1779033600000","18227"
"1974050","1779037200000","4808"
"2315040","1779037200000","1207"
"4025700","1779037200000","16093"
"1974050","1779040800000","4526"
"2315040","1779040800000","850"
"4025700","1779040800000","14020"
"1974050","1779044400000","4118"
"2315040","1779044400000","646"
"4025700","1779044400000","12282"
"1974050","1779048000000","3818"
"2315040","1779048000000","506"
"4025700","1779048000000","11055"
"1974050","1779051600000","3352"
"2315040","1779051600000","421"
"4025700","1779051600000","10643"
"1974050","1779055200000","2895"
"2315040","1779055200000","394"
"4025700","1779055200000","9840"
"1974050","1779058800000","2711"
"2315040","1779058800000","429"
"4025700","1779058800000","10030"
"1974050","1779062400000","2577"
"2315040","1779062400000","563"
"4025700","1779062400000","9989"
"1974050","1779066000000","2541"
"2315040","1779066000000","923"
"4025700","1779066000000","10204"
"1974050","1779069600000","2556"
"2315040","1779069600000","1251"
"4025700","1779069600000","10599"
"1974050","1779073200000","2573"
"2315040","1779073200000","1436"
"4025700","1779073200000","10662"
"1974050","1779076800000","2573"
"2315040","1779076800000","1557"
"4025700","1779076800000","10975"
"1974050","1779080400000","2627"
"2315040","1779080400000","1659"
"4025700","1779080400000","11096"
"1974050","1779084000000","2785"
"2315040","1779084000000","1691"
"4025700","1779084000000","11198"
"1974050","1779087600000","2946"
"2315040","1779087600000","1767"
"4025700","1779087600000","11344"
"1974050","1779091200000","3126"
"2315040","1779091200000","1785"
"4025700","1779091200000","11469"
"1974050","1779094800000","3271"
"2315040","1779094800000","1799"
"4025700","1779094800000","12191"
"1974050","1779098400000","3611"
"2315040","1779098400000","1923"
"4025700","1779098400000","12909"
"1974050","1779102000000","4008"
"2315040","1779102000000","2202"
"4025700","1779102000000","14714"
"1974050","1779105600000","4512"
"2315040","1779105600000","2427"
"4025700","1779105600000","16722"
"1974050","1779109200000","4866"
"2315040","1779109200000","2593"
"4025700","1779109200000","18601"
"1974050","1779112800000","4905"
"2315040","1779112800000","2516"
"4025700","1779112800000","19346"
"1974050","1779116400000","4717"
"2315040","1779116400000","2184"
"4025700","1779116400000","18755"
"1974050","1779120000000","4587"
"2315040","1779120000000","1670"
"4025700","1779120000000","16940"
"1974050","1779123600000","4338"
"2315040","1779123600000","1144"
"4025700","1779123600000","14842"
"1974050","1779127200000","3934"
"2315040","1779127200000","827"
"4025700","1779127200000","12976"
"1974050","1779130800000","3630"
"2315040","1779130800000","650"
"4025700","1779130800000","11531"
"1974050","1779134400000","3340"
"2315040","1779134400000","518"
"4025700","1779134400000","10407"
"1974050","1779138000000","2949"
"2315040","1779138000000","428"
"4025700","1779138000000","9938"
"1974050","1779141600000","2662"
"2315040","1779141600000","411"
"4025700","1779141600000","9521"
"1974050","1779145200000","2468"
"2315040","1779145200000","426"
"4025700","1779145200000","9679"
"1974050","1779148800000","2356"
"2315040","1779148800000","593"
"4025700","1779148800000","9719"
"1974050","1779152400000","2363"
"2315040","1779152400000","908"
"4025700","1779152400000","10140"
"1974050","1779156000000","2402"
"2315040","1779156000000","1188"
"4025700","1779156000000","10646"
"1974050","1779159600000","2350"
"2315040","1779159600000","1365"
"4025700","1779159600000","10540"
"1974050","1779163200000","2333"
"2315040","1779163200000","1479"
"4025700","1779163200000","10699"
"1974050","1779166800000","2364"
"2315040","1779166800000","1606"
"4025700","1779166800000","10927"
"1974050","1779170400000","2479"
"2315040","1779170400000","1637"
"4025700","1779170400000","10855"
"1974050","1779174000000","2690"
"2315040","1779174000000","1671"
"4025700","1779174000000","11198"
"1974050","1779177600000","2785"
"2315040","1779177600000","1626"
"4025700","1779177600000","11318"
"1974050","1779181200000","2996"
"2315040","1779181200000","1650"
"4025700","1779181200000","11942"
"1974050","1779184800000","3326"
"2315040","1779184800000","1785"
"4025700","1779184800000","12884"
"1974050","1779188400000","3742"
"2315040","1779188400000","2024"
"4025700","1779188400000","15113"
"1974050","1779192000000","3963"
"2315040","1779192000000","2240"
"4025700","1779192000000","17091"
"1974050","1779195600000","4212"
"2315040","1779195600000","2361"
"4025700","1779195600000","18849"
"1974050","1779199200000","4369"
"2315040","1779199200000","2347"
"4025700","1779199200000","19560"
"1974050","1779202800000","4291"
"2315040","1779202800000","2013"
"4025700","1779202800000","18884"
"1974050","1779206400000","4069"
"2315040","1779206400000","1538"
"4025700","1779206400000","17073"
"1974050","1779210000000","3791"
"2315040","1779210000000","1142"
"4025700","1779210000000","14733"
"1974050","1779213600000","3460"
"2315040","1779213600000","780"
"4025700","1779213600000","12796"
"1974050","1779217200000","3270"
"2315040","1779217200000","585"
"4025700","1779217200000","11349"
"1974050","1779220800000","2992"
"2315040","1779220800000","449"
"4025700","1779220800000","10442"
"1974050","1779224400000","2695"
"2315040","1779224400000","382"
"4025700","1779224400000","9964"
"1974050","1779228000000","2398"
"2315040","1779228000000","363"
"4025700","1779228000000","9258"
"1974050","1779231600000","2292"
"2315040","1779231600000","395"
"4025700","1779231600000","9894"
"1974050","1779235200000","2169"
"2315040","1779235200000","558"
"4025700","1779235200000","9999"
"1974050","1779238800000","2166"
"2315040","1779238800000","805"
"4025700","1779238800000","10448"
"1974050","1779242400000","2186"
"2315040","1779242400000","1037"
"4025700","1779242400000","10802"
"1974050","1779246000000","2148"
"2315040","1779246000000","1206"
"4025700","1779246000000","10781"
"1974050","1779249600000","2113"
"2315040","1779249600000","1329"
"4025700","1779249600000","10789"
"1974050","1779253200000","2129"
"2315040","1779253200000","1393"
"4025700","1779253200000","10752"
"1974050","1779256800000","2325"
"2315040","1779256800000","1416"
"4025700","1779256800000","10910"
"1974050","1779260400000","2399"
"2315040","1779260400000","1487"
"4025700","1779260400000","11064"
"1974050","1779264000000","2590"
"2315040","1779264000000","1525"
"4025700","1779264000000","11053"
"1974050","1779267600000","2773"
"2315040","1779267600000","1447"
"4025700","1779267600000","11447"
"1974050","1779271200000","3038"
"2315040","1779271200000","1555"
"4025700","1779271200000","12177"
"1974050","1779274800000","3306"
"2315040","1779274800000","1770"
"4025700","1779274800000","14002"
"1974050","1779278400000","3656"
"2315040","1779278400000","1974"
"4025700","1779278400000","15722"
"1974050","1779282000000","3823"
"2315040","1779282000000","2090"
"4025700","1779282000000","17609"
"1974050","1779285600000","3887"
"2315040","1779285600000","2042"
"4025700","1779285600000","18231"
"1974050","1779289200000","3883"
"2315040","1779289200000","1794"
"4025700","1779289200000","17721"
"1974050","1779292800000","3668"
"2315040","1779292800000","1389"
"4025700","1779292800000","16071"
"1974050","1779296400000","3473"
"2315040","1779296400000","969"
"4025700","1779296400000","14121"
"1974050","1779300000000","3248"
"2315040","1779300000000","655"
"4025700","1779300000000","12363"
"1974050","1779303600000","3014"
"2315040","1779303600000","459"
"4025700","1779303600000","10792"
"1974050","1779307200000","2751"
"2315040","1779307200000","384"
"4025700","1779307200000","9762"
"1974050","1779310800000","2447"
"2315040","1779310800000","339"
"4025700","1779310800000","9404"
"1974050","1779314400000","2220"
"2315040","1779314400000","322"
"4025700","1779314400000","8883"
"1974050","1779318000000","2061"
"2315040","1779318000000","345"
"4025700","1779318000000","9157"
"1974050","1779321600000","2000"
"2315040","1779321600000","471"
"4025700","1779321600000","9304"
"1974050","1779325200000","2055"
"2315040","1779325200000","730"
"4025700","1779325200000","9747"
"1974050","1779328800000","2042"
"2315040","1779328800000","980"
"4025700","1779328800000","10129"
"1974050","1779332400000","2010"
"2315040","1779332400000","1106"
"4025700","1779332400000","10391"
"1974050","1779336000000","1993"
"2315040","1779336000000","1173"
"4025700","1779336000000","10591"
"1974050","1779339600000","2056"
"2315040","1779339600000","1229"
"4025700","1779339600000","10817"
"1974050","1779343200000","2190"
"2315040","1779343200000","1258"
"4025700","1779343200000","10919"
"1974050","1779346800000","2317"
"2315040","1779346800000","1299"
"4025700","1779346800000","11050"
"1974050","1779350400000","2446"
"2315040","1779350400000","1335"
"4025700","1779350400000","11172"
"1974050","1779354000000","2541"
"2315040","1779354000000","1353"
"4025700","1779354000000","11762"
"1974050","1779357600000","2723"
"2315040","1779357600000","1448"
"4025700","1779357600000","12285"
"1974050","1779361200000","3118"
"2315040","1779361200000","1664"
"4025700","1779361200000","13988"
"1974050","1779364800000","3339"
"2315040","1779364800000","1859"
"4025700","1779364800000","15849"
"1974050","1779368400000","3486"
"2315040","1779368400000","1965"
"4025700","1779368400000","17867"
"1974050","1779372000000","3607"
"2315040","1779372000000","1978"
"4025700","1779372000000","18851"
"1974050","1779375600000","3475"
"2315040","1779375600000","1702"
"4025700","1779375600000","18217"
"1974050","1779379200000","3352"
"2315040","1779379200000","1307"
"4025700","1779379200000","16326"
"1974050","1779382800000","3107"
"2315040","1779382800000","871"
"4025700","1779382800000","14019"
"1974050","1779386400000","2963"
"2315040","1779386400000","615"
"4025700","1779386400000","12240"
"1974050","1779390000000","2755"
"2315040","1779390000000","458"
"4025700","1779390000000","10732"
"1974050","1779393600000","2488"
"2315040","1779393600000","373"
"4025700","1779393600000","9910"
"1974050","1779397200000","2246"
"2315040","1779397200000","306"
"4025700","1779397200000","9624"
"1974050","1779400800000","2068"
"2315040","1779400800000","293"
"4025700","1779400800000","9157"
"1974050","1779404400000","1956"
"2315040","1779404400000","321"
"4025700","1779404400000","9459"
"1974050","1779408000000","1892"
"2315040","1779408000000","442"
"4025700","1779408000000","9488"
"1974050","1779411600000","1887"
"2315040","1779411600000","647"
"4025700","1779411600000","9802"
"1974050","1779415200000","1931"
"2315040","1779415200000","911"
"4025700","1779415200000","10465"
"1974050","1779418800000","1893"
"2315040","1779418800000","1023"
"4025700","1779418800000","10665"
"1974050","1779422400000","1894"
"2315040","1779422400000","1075"
"4025700","1779422400000","10671"
"1974050","1779426000000","1857"
"2315040","1779426000000","1141"
"4025700","1779426000000","10642"
"1974050","1779429600000","1995"
"2315040","1779429600000","1168"
"4025700","1779429600000","10829"
"1974050","1779433200000","2109"
"2315040","1779433200000","1213"
"4025700","1779433200000","10779"
"1974050","1779436800000","2244"
"2315040","1779436800000","1251"
"4025700","1779436800000","10944"
"1974050","1779440400000","2395"
"2315040","1779440400000","1253"
"4025700","1779440400000","11283"
"1974050","1779444000000","2536"
"2315040","1779444000000","1270"
"4025700","1779444000000","11680"
"1974050","1779447600000","2789"
"2315040","1779447600000","0"
"4025700","1779447600000","13136"
"1974050","1779451200000","3087"
"2315040","1779451200000","1710"
"4025700","1779451200000","14932"
"1974050","1779454800000","3274"
"2315040","1779454800000","1779"
"4025700","1779454800000","16689"
"1974050","1779458400000","3424"
"2315040","1779458400000","1816"
"4025700","1779458400000","17799"
"1974050","1779462000000","3347"
"2315040","1779462000000","1605"
"4025700","1779462000000","17809"
"1974050","1779465600000","3176"
"2315040","1779465600000","1211"
"4025700","1779465600000","16478"
"1974050","1779469200000","3008"
"2315040","1779469200000","862"
"4025700","1779469200000","14589"
"1974050","1779472800000","2823"
"2315040","1779472800000","611"
"4025700","1779472800000","12665"
"1974050","1779476400000","2639"
"2315040","1779476400000","467"
"4025700","1779476400000","11278"
"1974050","1779480000000","2470"
"2315040","1779480000000","354"
"4025700","1779480000000","10153"
"1974050","1779483600000","2341"
"2315040","1779483600000","290"
"4025700","1779483600000","9786"
"1974050","1779487200000","2134"
"2315040","1779487200000","288"
"4025700","1779487200000","9408"
"1974050","1779490800000","2006"
"2315040","1779490800000","329"
"4025700","1779490800000","9686"
"1974050","1779494400000","1974"
"2315040","1779494400000","466"
"4025700","1779494400000","9964"
"1974050","1779498000000","1962"
"2315040","1779498000000","709"
"4025700","1779498000000","10339"
"1974050","1779501600000","2064"
"2315040","1779501600000","952"
"4025700","1779501600000","11108"
"1974050","1779505200000","2125"
"2315040","1779505200000","1120"
"4025700","1779505200000","11818"
"1974050","1779508800000","2137"
"2315040","1779508800000","1200"
"4025700","1779508800000","12461"
"1974050","1779512400000","2275"
"2315040","1779512400000","1317"
"4025700","1779512400000","12648"
"1974050","1779516000000","2397"
"2315040","1779516000000","1333"
"4025700","1779516000000","13067"
"1974050","1779519600000","2544"
"2315040","1779519600000","1338"
"4025700","1779519600000","13210"
"1974050","1779523200000","2650"
"2315040","1779523200000","1370"
"4025700","1779523200000","13224"
"1974050","1779526800000","2745"
"2315040","1779526800000","1399"
"4025700","1779526800000","13626"
"1974050","1779530400000","2855"
"2315040","1779530400000","1414"
"4025700","1779530400000","13489"
"1974050","1779534000000","2988"
"2315040","1779534000000","1503"
"4025700","1779534000000","14674"
"1974050","1779537600000","3174"
"2315040","1779537600000","1623"
"4025700","1779537600000","15782"
"1974050","1779541200000","3367"
"2315040","1779541200000","1676"
"4025700","1779541200000","17555"
"1974050","1779544800000","3437"
"2315040","1779544800000","1657"
"4025700","1779544800000","18484"
"1974050","1779548400000","3351"
"2315040","1779548400000","1474"
"4025700","1779548400000","18701"
"1974050","1779552000000","3207"
"2315040","1779552000000","1147"
"4025700","1779552000000","17393"
"1974050","1779555600000","2958"
"2315040","1779555600000","860"
"4025700","1779555600000","15827"
"1974050","1779559200000","2817"
"2315040","1779559200000","618"
"4025700","1779559200000","13963"
"1974050","1779562800000","2647"
"2315040","1779562800000","458"
"4025700","1779562800000","12278"
"1974050","1779566400000","2444"
"2315040","1779566400000","349"
"4025700","1779566400000","11017"
"1974050","1779570000000","2234"
"2315040","1779570000000","292"
"4025700","1779570000000","10441"
"1974050","1779573600000","2074"
"2315040","1779573600000","261"
"4025700","1779573600000","9807"
"1974050","1779577200000","1918"
"2315040","1779577200000","300"
"4025700","1779577200000","9763"
"1974050","1779580800000","1844"
"2315040","1779580800000","423"
"4025700","1779580800000","9764"
"1974050","1779584400000","1990"
"2315040","1779584400000","706"
"4025700","1779584400000","10450"
"1974050","1779588000000","2070"
"2315040","1779588000000","953"
"4025700","1779588000000","11262"
"1974050","1779591600000","2084"
"2315040","1779591600000","1118"
"4025700","1779591600000","11920"
"1974050","1779595200000","2106"
"2315040","1779595200000","1230"
"4025700","1779595200000","12608"
"1974050","1779598800000","2197"
"2315040","1779598800000","1282"
"4025700","1779598800000","13036"
"1974050","1779602400000","2335"
"2315040","1779602400000","1355"
"4025700","1779602400000","13306"
"1974050","1779606000000","2537"
"2315040","1779606000000","1397"
"4025700","1779606000000","13562"
"1974050","1779609600000","2659"
"2315040","1779609600000","1421"
"4025700","1779609600000","13612"
"1974050","1779613200000","2732"
"2315040","1779613200000","1378"
"4025700","1779613200000","13920"
"1974050","1779616800000","2895"
"2315040","1779616800000","1420"
"4025700","1779616800000","13726"
"1974050","1779620400000","2985"
"2315040","1779620400000","1531"
"4025700","1779620400000","14866"
"1974050","1779624000000","3082"
"2315040","1779624000000","1630"
"4025700","1779624000000","15973"
"1974050","1779627600000","3311"
"2315040","1779627600000","1680"
"4025700","1779627600000","17420"
"1974050","1779631200000","3386"
"2315040","1779631200000","1590"
"4025700","1779631200000","18361"
"1974050","1779634800000","3254"
"2315040","1779634800000","1346"
"4025700","1779634800000","18263"
"1974050","1779638400000","3092"
"2315040","1779638400000","1016"
"4025700","1779638400000","16798"
"1974050","1779642000000","2818"
"2315040","1779642000000","694"
"4025700","1779642000000","14776"
"1974050","1779645600000","2647"
"2315040","1779645600000","498"
"4025700","1779645600000","12835"
"1974050","1779649200000","2545"
"2315040","1779649200000","363"
"4025700","1779649200000","11510"
"1974050","1779652800000","2290"
"2315040","1779652800000","278"
"4025700","1779652800000","10563"
"1974050","1779656400000","2013"
"2315040","1779656400000","235"
"4025700","1779656400000","10153"
"1974050","1779660000000","1887"
"2315040","1779660000000","230"
"4025700","1779660000000","9611"
"1974050","1779663600000","1756"
"2315040","1779663600000","253"
"4025700","1779663600000","9502"
"1974050","1779667200000","1716"
"2315040","1779667200000","355"
"4025700","1779667200000","9246"
"1974050","1779670800000","1753"
"2315040","1779670800000","522"
"4025700","1779670800000","9712"
"1974050","1779674400000","1771"
"2315040","1779674400000","724"
"4025700","1779674400000","10057"
"1974050","1779678000000","1674"
"2315040","1779678000000","810"
"4025700","1779678000000","10406"
"1974050","1779681600000","1705"
"2315040","1779681600000","891"
"4025700","1779681600000","10690"
"1974050","1779685200000","1774"
"2315040","1779685200000","947"
"4025700","1779685200000","10868"
"1974050","1779688800000","1832"
"2315040","1779688800000","1006"
"4025700","1779688800000","10855"
"1974050","1779692400000","1949"
"2315040","1779692400000","1002"
"4025700","1779692400000","11015"
"1974050","1779696000000","2107"
"2315040","1779696000000","1029"
"4025700","1779696000000","11079"
"1974050","1779699600000","2147"
"2315040","1779699600000","1047"
"4025700","1779699600000","11567"
"1974050","1779703200000","2287"
"2315040","1779703200000","1100"
"4025700","1779703200000","11914"
"1974050","1779706800000","2459"
"2315040","1779706800000","1279"
"4025700","1779706800000","13273"
"1974050","1779710400000","2686"
"2315040","1779710400000","1480"
"4025700","1779710400000","14927"
"1974050","1779714000000","2844"
"2315040","1779714000000","1546"
"4025700","1779714000000","16400"
"1974050","1779717600000","2842"
"2315040","1779717600000","1515"
"4025700","1779717600000","17239"
"1974050","1779721200000","2800"
"2315040","1779721200000","1273"
"4025700","1779721200000","16661"
"1974050","1779724800000","2612"
"2315040","1779724800000","912"
"4025700","1779724800000","14864"
"1974050","1779728400000","2401"
"2315040","1779728400000","591"
"4025700","1779728400000","12921"
"1974050","1779732000000","2339"
"2315040","1779732000000","425"
"4025700","1779732000000","11137"
"1974050","1779735600000","2175"
"2315040","1779735600000","327"
"4025700","1779735600000","10146"
"1974050","1779739200000","2016"
"2315040","1779739200000","235"
"4025700","1779739200000","9237"
"1974050","1779742800000","1783"
"2315040","1779742800000","194"
"4025700","1779742800000","8945"
"1974050","1779746400000","1658"
"2315040","1779746400000","189"
"4025700","1779746400000","8580"
"1974050","1779750000000","1518"
"2315040","1779750000000","221"
"4025700","1779750000000","8591"
"1974050","1779753600000","1457"
"2315040","1779753600000","343"
"4025700","1779753600000","8662"
"1974050","1779757200000","1450"
"2315040","1779757200000","510"
"4025700","1779757200000","9003"
"1974050","1779760800000","1478"
"2315040","1779760800000","683"
"4025700","1779760800000","9328"
"1974050","1779764400000","1452"
"2315040","1779764400000","733"
"4025700","1779764400000","9409"
"1974050","1779768000000","1466"
"2315040","1779768000000","800"
"4025700","1779768000000","9664"
"1974050","1779771600000","1526"
"2315040","1779771600000","851"
"4025700","1779771600000","9844"
"1974050","1779775200000","1529"
"2315040","1779775200000","886"
"4025700","1779775200000","9780"
"1974050","1779778800000","1595"
"2315040","1779778800000","914"
"4025700","1779778800000","9741"
"1974050","1779782400000","1661"
"2315040","1779782400000","912"
"4025700","1779782400000","9918"
"1974050","1779786000000","1792"
"2315040","1779786000000","917"
"4025700","1779786000000","10189"
"1974050","1779789600000","1959"
"2315040","1779789600000","994"
"4025700","1779789600000","10914"
"1974050","1779793200000","2166"
"2315040","1779793200000","1183"
"4025700","1779793200000","12412"
"1974050","1779796800000","2372"
"2315040","1779796800000","1369"
"4025700","1779796800000","14031"
"1974050","1779800400000","2524"
"2315040","1779800400000","1479"
"4025700","1779800400000","15380"
"1974050","1779804000000","2540"
"2315040","1779804000000","1417"
"4025700","1779804000000","16153"
"1974050","1779807600000","2446"
"2315040","1779807600000","1212"
"4025700","1779807600000","15706"
"1974050","1779811200000","2313"
"2315040","1779811200000","824"
"4025700","1779811200000","14216"
"1974050","1779814800000","2182"
"2315040","1779814800000","585"
"4025700","1779814800000","12536"
"1974050","1779818400000","2131"
"2315040","1779818400000","391"
"4025700","1779818400000","10633"
"1974050","1779822000000","2012"
"2315040","1779822000000","301"
"4025700","1779822000000","9517"
"1974050","1779825600000","1794"
"2315040","1779825600000","238"
"4025700","1779825600000","8634"
"1974050","1779829200000","1614"
"2315040","1779829200000","186"
"4025700","1779829200000","8462"
"1974050","1779832800000","1449"
"2315040","1779832800000","178"
"4025700","1779832800000","7899"
"1974050","1779836400000","1405"
"2315040","1779836400000","201"
"4025700","1779836400000","8254"
"1974050","1779840000000","1353"
"2315040","1779840000000","325"
"4025700","1779840000000","8342"
"1974050","1779843600000","1377"
"2315040","1779843600000","489"
"4025700","1779843600000","8917"
"1974050","1779847200000","1365"
"2315040","1779847200000","634"
"4025700","1779847200000","9282"
"1974050","1779850800000","1325"
"2315040","1779850800000","721"
"4025700","1779850800000","9503"
"1974050","1779854400000","1317"
"2315040","1779854400000","772"
"4025700","1779854400000","9559"
"1974050","1779858000000","1351"
"2315040","1779858000000","806"
"4025700","1779858000000","9714"
"1974050","1779861600000","1441"
"2315040","1779861600000","859"
"4025700","1779861600000","9759"
"1974050","1779865200000","1520"
"2315040","1779865200000","877"
"4025700","1779865200000","9687"
"1974050","1779868800000","1586"
"2315040","1779868800000","911"
"4025700","1779868800000","9833"
"1974050","1779872400000","1645"
"2315040","1779872400000","903"
"4025700","1779872400000","10240"
"1974050","1779876000000","1757"
"2315040","1779876000000","951"
"4025700","1779876000000","10815"
"1974050","1779879600000","1941"
"2315040","1779879600000","1127"
"4025700","1779879600000","12230"
"1974050","1779883200000","2231"
"2315040","1779883200000","1275"
"4025700","1779883200000","13660"
"1974050","1779886800000","2292"
"2315040","1779886800000","1374"
"4025700","1779886800000","14878"
"1974050","1779890400000","2300"
"2315040","1779890400000","1324"
"4025700","1779890400000","15573"
"1974050","1779894000000","2279"
"2315040","1779894000000","1134"
"4025700","1779894000000","15206"
"1974050","1779897600000","2172"
"2315040","1779897600000","813"
"4025700","1779897600000","13802"
"1974050","1779901200000","1948"
"2315040","1779901200000","559"
"4025700","1779901200000","11882"
"1974050","1779904800000","1899"
"2315040","1779904800000","421"
"4025700","1779904800000","10451"
"1974050","1779908400000","1786"
"2315040","1779908400000","291"
"4025700","1779908400000","8641"
"1974050","1779912000000","1595"
"2315040","1779912000000","240"
"4025700","1779912000000","5479"
"1974050","1779915600000","1459"
"2315040","1779915600000","194"
"4025700","1779915600000","3113"
"1974050","1779919200000","1348"
"2315040","1779919200000","191"
"4025700","1779919200000","2658"
"1974050","1779922800000","1309"
"2315040","1779922800000","212"
"4025700","1779922800000","5979"
"1974050","1779926400000","1283"
"2315040","1779926400000","291"
"4025700","1779926400000","8609"
"1974050","1779930000000","1269"
"2315040","1779930000000","454"
"4025700","1779930000000","9647"
"1974050","1779933600000","1218"
"2315040","1779933600000","600"
"4025700","1779933600000","10183"
"1974050","1779937200000","1199"
"2315040","1779937200000","669"
"4025700","1779937200000","10633"
"1974050","1779940800000","1190"
"2315040","1779940800000","728"
"4025700","1779940800000","11077"
"1974050","1779944400000","1223"
"2315040","1779944400000","743"
"4025700","1779944400000","11335"
"1974050","1779948000000","1286"
"2315040","1779948000000","757"
"4025700","1779948000000","11728"
"1974050","1779951600000","1297"
"2315040","1779951600000","815"
"4025700","1779951600000","11780"
"1974050","1779955200000","1414"
"2315040","1779955200000","816"
"4025700","1779955200000","12238"
"1974050","1779958800000","1529"
"2315040","1779958800000","825"
"4025700","1779958800000","13122"
"1974050","1779962400000","1613"
"2315040","1779962400000","858"
"4025700","1779962400000","14235"
"1974050","1779966000000","1788"
"2315040","1779966000000","1003"
"4025700","1779966000000","16647"
"1974050","1779969600000","1972"
"2315040","1779969600000","1158"
"4025700","1779969600000","19286"
"1974050","1779973200000","2158"
"2315040","1779973200000","1239"
"4025700","1779973200000","21329"
"1974050","1779976800000","2169"
"2315040","1779976800000","1223"
"4025700","1779976800000","22374"
"1974050","1779980400000","2093"
"2315040","1779980400000","1049"
"4025700","1779980400000","21303"
"1974050","1779984000000","1989"
"2315040","1779984000000","714"
"4025700","1779984000000","18745"
"1974050","1779987600000","1906"
"2315040","1779987600000","496"
"4025700","1779987600000","15838"
"1974050","1779991200000","1779"
"2315040","1779991200000","328"
"4025700","1779991200000","13579"
"1974050","1779994800000","1657"
"2315040","1779994800000","229"
"4025700","1779994800000","12089"
"1974050","1779998400000","1420"
"2315040","1779998400000","191"
"4025700","1779998400000","10935"
"1974050","1780002000000","1293"
"2315040","1780002000000","154"
"4025700","1780002000000","10260"
"1974050","1780005600000","1191"
"2315040","1780005600000","163"
"4025700","1780005600000","9722"
"1974050","1780009200000","1151"
"2315040","1780009200000","203"
"4025700","1780009200000","10374"
"1974050","1780012800000","1127"
"2315040","1780012800000","266"
"4025700","1780012800000","10718"
"1974050","1780016400000","1117"
"2315040","1780016400000","431"
"4025700","1780016400000","11104"
"1974050","1780020000000","1138"
"2315040","1780020000000","541"
"4025700","1780020000000","11335"
"1974050","1780023600000","1071"
"2315040","1780023600000","593"
"4025700","1780023600000","11249"
"1974050","1780027200000","1026"
"2315040","1780027200000","646"
"4025700","1780027200000","10918"
"1974050","1780030800000","1049"
"2315040","1780030800000","693"
"4025700","1780030800000","10651"
"1974050","1780034400000","1121"
"2315040","1780034400000","691"
"4025700","1780034400000","10688"
"1974050","1780038000000","1210"
"2315040","1780038000000","718"
"4025700","1780038000000","10565"
"1974050","1780041600000","1292"
"2315040","1780041600000","747"
"4025700","1780041600000","10606"
"1974050","1780045200000","1352"
"2315040","1780045200000","730"
"4025700","1780045200000","10997"
"1974050","1780048800000","1483"
"2315040","1780048800000","748"
"4025700","1780048800000","11589"
"1974050","1780052400000","1613"
"2315040","1780052400000","917"
"4025700","1780052400000","13089"
"1974050","1780056000000","1785"
"2315040","1780056000000","1036"
"4025700","1780056000000","14937"
"1974050","1780059600000","1914"
"2315040","1780059600000","1115"
"4025700","1780059600000","16613"
"1974050","1780063200000","1958"
"2315040","1780063200000","1135"
"4025700","1780063200000","18042"
"1974050","1780066800000","1906"
"2315040","1780066800000","966"
"4025700","1780066800000","17953"
"1974050","1780070400000","1843"
"2315040","1780070400000","703"
"4025700","1780070400000","16184"
"1974050","1780074000000","1712"
"2315040","1780074000000","505"
"4025700","1780074000000","12649"
"1974050","1780077600000","1497"
"2315040","1780077600000","351"
"4025700","1780077600000","10580"
"1974050","1780081200000","1357"
"2315040","1780081200000","235"
"4025700","1780081200000","9505"
"1974050","1780084800000","1118"
"2315040","1780084800000","167"
"4025700","1780084800000","9415"
"1974050","1780088400000","997"
"2315040","1780088400000","141"
"4025700","1780088400000","9448"
"1974050","1780092000000","892"
"2315040","1780092000000","122"
"4025700","1780092000000","9383"
"1974050","1780095600000","849"
"2315040","1780095600000","165"
"4025700","1780095600000","9762"
"1974050","1780099200000","888"
"2315040","1780099200000","253"
"4025700","1780099200000","10268"
"1974050","1780102800000","898"
"2315040","1780102800000","405"
"4025700","1780102800000","11094"
"1974050","1780106400000","943"
"2315040","1780106400000","564"
"4025700","1780106400000","11997"
"1974050","1780110000000","959"
"2315040","1780110000000","659"
"4025700","1780110000000","12617"
"1974050","1780113600000","1011"
"2315040","1780113600000","688"
"4025700","1780113600000","12952"
"1974050","1780117200000","1044"
"2315040","1780117200000","753"
"4025700","1780117200000","13452"
"1974050","1780120800000","1121"
"2315040","1780120800000","758"
"4025700","1780120800000","13686"
"1974050","1780124400000","1204"
"2315040","1780124400000","782"
"4025700","1780124400000","13832"
"1974050","1780128000000","1255"
"2315040","1780128000000","822"
"4025700","1780128000000","13894"
"1974050","1780131600000","1311"
"2315040","1780131600000","873"
"4025700","1780131600000","14122"
"1974050","1780135200000","1313"
"2315040","1780135200000","832"
"4025700","1780135200000","14351"
"1974050","1780138800000","1435"
"2315040","1780138800000","907"
"4025700","1780138800000","15266"
"1974050","1780142400000","1479"
"2315040","1780142400000","997"
"4025700","1780142400000","16612"
"1974050","1780146000000","1597"
"2315040","1780146000000","1054"
"4025700","1780146000000","18122"
"1974050","1780149600000","1637"
"2315040","1780149600000","1089"
"4025700","1780149600000","19305"
"1974050","1780153200000","1644"
"2315040","1780153200000","950"
"4025700","1780153200000","19369"
"1974050","1780156800000","1549"
"2315040","1780156800000","719"
"4025700","1780156800000","18216"
"1974050","1780160400000","1376"
"2315040","1780160400000","522"
"4025700","1780160400000","16546"
"1974050","1780164000000","1294"
"2315040","1780164000000","364"
"4025700","1780164000000","14426"
"1974050","1780167600000","1213"
"2315040","1780167600000","241"
"4025700","1780167600000","12652"
"1974050","1780171200000","1144"
"2315040","1780171200000","176"
"4025700","1780171200000","11242"
"1974050","1780174800000","1038"
"2315040","1780174800000","148"
"4025700","1780174800000","10434"
"1974050","1780178400000","963"
"2315040","1780178400000","147"
"4025700","1780178400000","9820"
"1974050","1780182000000","923"
"2315040","1780182000000","172"
"4025700","1780182000000","9949"
"1974050","1780185600000","920"
"2315040","1780185600000","284"
"4025700","1780185600000","10046"
"1974050","1780189200000","930"
"2315040","1780189200000","411"
"4025700","1780189200000","10629"
"1974050","1780192800000","972"
"2315040","1780192800000","562"
"4025700","1780192800000","11528"
"1974050","1780196400000","1034"
"2315040","1780196400000","673"
"4025700","1780196400000","12098"
"1974050","1780200000000","1085"
"2315040","1780200000000","719"
"4025700","1780200000000","12654"
"1974050","1780203600000","1112"
"2315040","1780203600000","784"
"4025700","1780203600000","13043"
"1974050","1780207200000","1175"
"2315040","1780207200000","844"
"4025700","1780207200000","13317"
"1974050","1780210800000","1248"
"2315040","1780210800000","811"
"4025700","1780210800000","13454"
"1974050","1780214400000","1354"
"2315040","1780214400000","861"
"4025700","1780214400000","13741"
"1974050","1780218000000","1436"
"2315040","1780218000000","869"
"4025700","1780218000000","14140"
"1974050","1780221600000","1458"
"2315040","1780221600000","882"
"4025700","1780221600000","14274"
"1974050","1780225200000","1512"
"2315040","1780225200000","928"
"4025700","1780225200000","15393"
"1974050","1780228800000","1612"
"2315040","1780228800000","974"
"4025700","1780228800000","16810"
"1974050","1780232400000","1629"
"2315040","1780232400000","1013"
"4025700","1780232400000","18116"
"1974050","1780236000000","1653"
"2315040","1780236000000","964"
"4025700","1780236000000","18841"
"1974050","1780239600000","1570"
"2315040","1780239600000","865"
"4025700","1780239600000","18762"
"1974050","1780243200000","1462"
"2315040","1780243200000","596"
"4025700","1780243200000","17328"
"1974050","1780246800000","1342"
"2315040","1780246800000","407"
"4025700","1780246800000","15237"
"1974050","1780250400000","1213"
"2315040","1780250400000","277"
"4025700","1780250400000","13279"
"1974050","1780254000000","1147"
"2315040","1780254000000","185"
"4025700","1780254000000","11819"
"1974050","1780257600000","1042"
"2315040","1780257600000","138"
"4025700","1780257600000","10595"
"1974050","1780261200000","919"
"2315040","1780261200000","122"
"4025700","1780261200000","10078"
"1974050","1780264800000","832"
"2315040","1780264800000","115"
"4025700","1780264800000","9361"
"1974050","1780268400000","797"
"2315040","1780268400000","149"
"4025700","1780268400000","9557"
"1974050","1780272000000","738"
"2315040","1780272000000","224"
"4025700","1780272000000","9719"
"1974050","1780275600000","776"
"2315040","1780275600000","309"
"4025700","1780275600000","10093"
"1974050","1780279200000","752"
"2315040","1780279200000","440"
"4025700","1780279200000","10381"
"1974050","1780282800000","767"
"2315040","1780282800000","525"
"4025700","1780282800000","10390"
"1974050","1780286400000","752"
"2315040","1780286400000","543"
"4025700","1780286400000","10645"
"1974050","1780290000000","764"
"2315040","1780290000000","551"
"4025700","1780290000000","10868"
"1974050","1780293600000","815"
"2315040","1780293600000","556"
"4025700","1780293600000","10885"
"1974050","1780297200000","857"
"2315040","1780297200000","615"
"4025700","1780297200000","10928"
"1974050","1780300800000","897"
"2315040","1780300800000","642"
"4025700","1780300800000","11130"
"1974050","1780304400000","969"
"2315040","1780304400000","630"
"4025700","1780304400000","11553"
"1974050","1780308000000","1060"
"2315040","1780308000000","686"
"4025700","1780308000000","12072"
"1974050","1780311600000","1191"
"2315040","1780311600000","784"
"4025700","1780311600000","13397"
"1974050","1780315200000","1322"
"2315040","1780315200000","896"
"4025700","1780315200000","14761"
"1974050","1780318800000","1419"
"2315040","1780318800000","1005"
"4025700","1780318800000","16066"
"1974050","1780322400000","1477"
"2315040","1780322400000","965"
"4025700","1780322400000","16911"
"1974050","1780326000000","1365"
"2315040","1780326000000","813"
"4025700","1780326000000","16301"
"1974050","1780329600000","1262"
"2315040","1780329600000","545"
"4025700","1780329600000","15073"
"1974050","1780333200000","1179"
"2315040","1780333200000","367"
"4025700","1780333200000","13389"
"1974050","1780336800000","1141"
"2315040","1780336800000","265"
"4025700","1780336800000","11594"
"1974050","1780340400000","1046"
"2315040","1780340400000","193"
"4025700","1780340400000","10274"
"1974050","1780344000000","926"
"2315040","1780344000000","145"
"4025700","1780344000000","9318"
"1974050","1780347600000","819"
"2315040","1780347600000","133"
"4025700","1780347600000","8877"
"1974050","1780351200000","749"
"2315040","1780351200000","130"
"4025700","1780351200000","8398"
"1974050","1780354800000","703"
"2315040","1780354800000","147"
"4025700","1780354800000","8605"
"1974050","1780358400000","712"
"2315040","1780358400000","242"
"4025700","1780358400000","8651"
"1974050","1780362000000","720"
"2315040","1780362000000","353"
"4025700","1780362000000","8951"
"1974050","1780365600000","717"
"2315040","1780365600000","465"
"4025700","1780365600000","9380"
"1974050","1780369200000","690"
"2315040","1780369200000","507"
"4025700","1780369200000","9517"
"1974050","1780372800000","653"
"2315040","1780372800000","537"
"4025700","1780372800000","9663"
"1974050","1780376400000","676"
"2315040","1780376400000","551"
"4025700","1780376400000","9792"
"1974050","1780380000000","702"
"2315040","1780380000000","550"
"4025700","1780380000000","9844"
"1974050","1780383600000","760"
"2315040","1780383600000","572"
"4025700","1780383600000","10053"
"1974050","1780387200000","837"
"2315040","1780387200000","565"
"4025700","1780387200000","10076"
"1974050","1780390800000","878"
"2315040","1780390800000","605"
"4025700","1780390800000","10613"
"1974050","1780394400000","970"
"2315040","1780394400000","644"
"4025700","1780394400000","11204"
"1974050","1780398000000","1080"
"2315040","1780398000000","795"
"4025700","1780398000000","12887"
"1974050","1780401600000","1217"
"2315040","1780401600000","930"
"4025700","1780401600000","14763"
"1974050","1780405200000","1294"
"2315040","1780405200000","962"
"4025700","1780405200000","16190"
"1974050","1780408800000","1303"
"2315040","1780408800000","945"
"4025700","1780408800000","17153"
"1974050","1780412400000","1257"
"2315040","1780412400000","777"
"4025700","1780412400000","16867"
"1974050","1780416000000","1193"
"2315040","1780416000000","522"
"4025700","1780416000000","15485"
"1974050","1780419600000","1110"
"2315040","1780419600000","386"
"4025700","1780419600000","13407"
"1974050","1780423200000","1058"
"2315040","1780423200000","252"
"4025700","1780423200000","11533"
"1974050","1780426800000","940"
"2315040","1780426800000","190"
"4025700","1780426800000","10098"
"1974050","1780430400000","833"
"2315040","1780430400000","133"
"4025700","1780430400000","9177"
"1974050","1780434000000","733"
"2315040","1780434000000","115"
"4025700","1780434000000","8695"
"1974050","1780437600000","699"
"2315040","1780437600000","114"
"4025700","1780437600000","8160"
"1974050","1780441200000","696"
"2315040","1780441200000","114"
"4025700","1780441200000","8454"
"1974050","1780444800000","679"
"2315040","1780444800000","203"
"4025700","1780444800000","8701"
"1974050","1780448400000","697"
"2315040","1780448400000","322"
"4025700","1780448400000","9137"
"1974050","1780452000000","686"
"2315040","1780452000000","417"
"4025700","1780452000000","9493"
"1974050","1780455600000","705"
"2315040","1780455600000","465"
"4025700","1780455600000","9677"
"1974050","1780459200000","693"
"2315040","1780459200000","517"
"4025700","1780459200000","10088"
"1974050","1780462800000","719"
"2315040","1780462800000","542"
"4025700","1780462800000","10312"
"1974050","1780466400000","756"
"2315040","1780466400000","545"
"4025700","1780466400000","10405"
"1974050","1780470000000","812"
"2315040","1780470000000","568"
"4025700","1780470000000","10478"
"1974050","1780473600000","864"
"2315040","1780473600000","608"
"4025700","1780473600000","10614"
"1974050","1780477200000","928"
"2315040","1780477200000","614"
"4025700","1780477200000","11124"
"1974050","1780480800000","1000"
"2315040","1780480800000","648"
"4025700","1780480800000","11314"
"1974050","1780484400000","1071"
"2315040","1780484400000","772"
"4025700","1780484400000","12391"
"1974050","1780488000000","1159"
"2315040","1780488000000","872"
"4025700","1780488000000","13852"
"1974050","1780491600000","1207"
"2315040","1780491600000","923"
"4025700","1780491600000","14922"
"1974050","1780495200000","1259"
"2315040","1780495200000","928"
"4025700","1780495200000","15915"
"1974050","1780498800000","1179"
"2315040","1780498800000","772"
"4025700","1780498800000","15262"
"1974050","1780502400000","1105"
"2315040","1780502400000","510"
"4025700","1780502400000","13302"
"1974050","1780506000000","1026"
"2315040","1780506000000","354"
"4025700","1780506000000","10248"
"1974050","1780509600000","1004"
"2315040","1780509600000","239"
"4025700","1780509600000","7932"
"1974050","1780513200000","935"
"2315040","1780513200000","163"
"4025700","1780513200000","8174"
"1974050","1780516800000","806"
"2315040","1780516800000","138"
"4025700","1780516800000","7920"
"1974050","1780520400000","732"
"2315040","1780520400000","109"
"4025700","1780520400000","7719"
"1974050","1780524000000","631"
"2315040","1780524000000","112"
"4025700","1780524000000","7546"
"1974050","1780527600000","603"
"2315040","1780527600000","119"
"4025700","1780527600000","7947"
"1974050","1780531200000","618"
"2315040","1780531200000","206"
"4025700","1780531200000","8078"
"1974050","1780534800000","636"
"2315040","1780534800000","315"
"4025700","1780534800000","8303"
"1974050","1780538400000","658"
"2315040","1780538400000","398"
"4025700","1780538400000","8846"
"1974050","1780542000000","662"
"2315040","1780542000000","434"
"4025700","1780542000000","8960"
"1974050","1780545600000","690"
"2315040","1780545600000","499"
"4025700","1780545600000","9030"
"1974050","1780549200000","712"
"2315040","1780549200000","501"
"4025700","1780549200000","9149"
"1974050","1780552800000","754"
"2315040","1780552800000","535"
"4025700","1780552800000","9245"
"1974050","1780556400000","739"
"2315040","1780556400000","550"
"4025700","1780556400000","9424"
"1974050","1780560000000","779"
"2315040","1780560000000","558"
"4025700","1780560000000","9498"
"1974050","1780563600000","861"
"2315040","1780563600000","577"
"4025700","1780563600000","9764"
"1974050","1780567200000","976"
"2315040","1780567200000","617"
"4025700","1780567200000","10492"
"1974050","1780570800000","1063"
"2315040","1780570800000","703"
"4025700","1780570800000","11942"
"1974050","1780574400000","1165"
"2315040","1780574400000","808"
"4025700","1780574400000","13623"
"1974050","1780578000000","1225"
"2315040","1780578000000","862"
"4025700","1780578000000","15133"
"1974050","1780581600000","1247"
"2315040","1780581600000","794"
"4025700","1780581600000","15892"
"1974050","1780585200000","1201"
"2315040","1780585200000","681"
"4025700","1780585200000","15441"
"1974050","1780588800000","1127"
"2315040","1780588800000","473"
"4025700","1780588800000","13806"
"1974050","1780592400000","1010"
"2315040","1780592400000","316"
"4025700","1780592400000","12068"
"1974050","1780596000000","950"
"2315040","1780596000000","207"
"4025700","1780596000000","10488"
"1974050","1780599600000","894"
"2315040","1780599600000","156"
"4025700","1780599600000","9363"
"1974050","1780603200000","826"
"2315040","1780603200000","116"
"4025700","1780603200000","8520"
"1974050","1780606800000","709"
"2315040","1780606800000","103"
"4025700","1780606800000","8330"
"1974050","1780610400000","656"
"2315040","1780610400000","97"
"4025700","1780610400000","7772"
"1974050","1780614000000","613"
"2315040","1780614000000","109"
"4025700","1780614000000","7900"
"1974050","1780617600000","613"
"2315040","1780617600000","193"
"4025700","1780617600000","7902"
"1974050","1780621200000","647"
"2315040","1780621200000","287"
"4025700","1780621200000","8223"
"1974050","1780624800000","625"
"2315040","1780624800000","338"
"4025700","1780624800000","8573"
"1974050","1780628400000","645"
"2315040","1780628400000","384"
"4025700","1780628400000","8820"
"1974050","1780632000000","620"
"2315040","1780632000000","424"
"4025700","1780632000000","8871"
"1974050","1780635600000","642"
"2315040","1780635600000","443"
"4025700","1780635600000","9039"
"1974050","1780639200000","699"
"2315040","1780639200000","463"
"4025700","1780639200000","9131"
"1974050","1780642800000","744"
"2315040","1780642800000","477"
"4025700","1780642800000","9173"
"1974050","1780646400000","772"
"2315040","1780646400000","534"
"4025700","1780646400000","9347"
"1974050","1780650000000","813"
"2315040","1780650000000","498"
"4025700","1780650000000","9620"
"1974050","1780653600000","880"
"2315040","1780653600000","505"
"4025700","1780653600000","10076"
"1974050","1780657200000","994"
"2315040","1780657200000","574"
"4025700","1780657200000","11333"
"1974050","1780660800000","1085"
"2315040","1780660800000","662"
"4025700","1780660800000","13049"
"1974050","1780664400000","1197"
"2315040","1780664400000","757"
"4025700","1780664400000","14467"
"1974050","1780668000000","1216"
"2315040","1780668000000","748"
"4025700","1780668000000","15529"
"1974050","1780671600000","1211"
"2315040","1780671600000","647"
"4025700","1780671600000","15620"
"1974050","1780675200000","1118"
"2315040","1780675200000","464"
"4025700","1780675200000","14653"
"1974050","1780678800000","1061"
"2315040","1780678800000","322"
"4025700","1780678800000","12868"
"1974050","1780682400000","975"
"2315040","1780682400000","215"
"4025700","1780682400000","11289"
"1974050","1780686000000","904"
"2315040","1780686000000","160"
"4025700","1780686000000","9870"
"1974050","1780689600000","843"
"2315040","1780689600000","131"
"4025700","1780689600000","9096"
"1974050","1780693200000","769"
"2315040","1780693200000","112"
"4025700","1780693200000","8642"
"1974050","1780696800000","706"
"2315040","1780696800000","109"
"4025700","1780696800000","8306"
"1974050","1780700400000","683"
"2315040","1780700400000","137"
"4025700","1780700400000","8659"
"1974050","1780704000000","672"
"2315040","1780704000000","194"
"4025700","1780704000000","9139"
"1974050","1780707600000","694"
"2315040","1780707600000","326"
"4025700","1780707600000","9783"
"1974050","1780711200000","733"
"2315040","1780711200000","411"
"4025700","1780711200000","10561"
"1974050","1780714800000","744"
"2315040","1780714800000","482"
"4025700","1780714800000","10969"
"1974050","1780718400000","778"
"2315040","1780718400000","495"
"4025700","1780718400000","11466"
"1974050","1780722000000","824"
"2315040","1780722000000","534"
"4025700","1780722000000","12036"
"1974050","1780725600000","900"
"2315040","1780725600000","561"
"4025700","1780725600000","12336"
"1974050","1780729200000","956"
"2315040","1780729200000","588"
"4025700","1780729200000","12591"
"1974050","1780732800000","1001"
"2315040","1780732800000","611"
"4025700","1780732800000","12667"
"1974050","1780736400000","988"
"2315040","1780736400000","630"
"4025700","1780736400000","13362"
"1974050","1780740000000","1002"
"2315040","1780740000000","647"
"4025700","1780740000000","13985"
"1974050","1780743600000","1052"
"2315040","1780743600000","697"
"4025700","1780743600000","15766"
"1974050","1780747200000","1098"
"2315040","1780747200000","721"
"4025700","1780747200000","17969"
"1974050","1780750800000","1156"
"2315040","1780750800000","772"
"4025700","1780750800000","19284"
"1974050","1780754400000","1203"
"2315040","1780754400000","741"
"4025700","1780754400000","20177"
"1974050","1780758000000","1169"
"2315040","1780758000000","625"
"4025700","1780758000000","19667"
"1974050","1780761600000","1144"
"2315040","1780761600000","457"
"4025700","1780761600000","18086"
"1974050","1780765200000","1052"
"2315040","1780765200000","323"
"4025700","1780765200000","15980"
"1974050","1780768800000","999"
"2315040","1780768800000","244"
"4025700","1780768800000","13815"
"1974050","1780772400000","963"
"2315040","1780772400000","195"
"4025700","1780772400000","12021"
"1974050","1780776000000","837"
"2315040","1780776000000","137"
"4025700","1780776000000","10741"
"1974050","1780779600000","783"
"2315040","1780779600000","105"
"4025700","1780779600000","10044"
"1974050","1780783200000","728"
"2315040","1780783200000","105"
"4025700","1780783200000","9417"
"1974050","1780786800000","701"
"2315040","1780786800000","123"
"4025700","1780786800000","9846"
"1974050","1780790400000","709"
"2315040","1780790400000","218"
"4025700","1780790400000","10010"
"1974050","1780794000000","723"
"2315040","1780794000000","314"
"4025700","1780794000000","10364"
"1974050","1780797600000","781"
"2315040","1780797600000","448"
"4025700","1780797600000","10955"
"1974050","1780801200000","802"
"2315040","1780801200000","510"
"4025700","1780801200000","11474"
"1974050","1780804800000","817"
"2315040","1780804800000","562"
"4025700","1780804800000","12038"
"1974050","1780808400000","851"
"2315040","1780808400000","606"
"4025700","1780808400000","12111"
"1974050","1780812000000","930"
"2315040","1780812000000","624"
"4025700","1780812000000","12277"
"1974050","1780815600000","989"
"2315040","1780815600000","618"
"4025700","1780815600000","12376"
"1974050","1780819200000","1049"
"2315040","1780819200000","624"
"4025700","1780819200000","12575"
"1974050","1780822800000","1088"
"2315040","1780822800000","653"
"4025700","1780822800000","12707"
"1974050","1780826400000","1104"
"2315040","1780826400000","647"
"4025700","1780826400000","12875"
"1974050","1780830000000","1106"
"2315040","1780830000000","678"
"4025700","1780830000000","13664"
"1974050","1780833600000","1184"
"2315040","1780833600000","703"
"4025700","1780833600000","14644"
"1974050","1780837200000","1263"
"2315040","1780837200000","738"
"4025700","1780837200000","15846"
"1974050","1780840800000","1218"
"2315040","1780840800000","716"
"4025700","1780840800000","16345"
"1974050","1780844400000","1185"
"2315040","1780844400000","568"
"4025700","1780844400000","16125"
"1974050","1780848000000","1095"
"2315040","1780848000000","402"
"4025700","1780848000000","14652"
"1974050","1780851600000","1025"
"2315040","1780851600000","287"
"4025700","1780851600000","12886"
"1974050","1780855200000","965"
"2315040","1780855200000","190"
"4025700","1780855200000","11060"
"1974050","1780858800000","897"
"2315040","1780858800000","125"
"4025700","1780858800000","10036"
"1974050","1780862400000","770"
"2315040","1780862400000","99"
"4025700","1780862400000","9150"
"1974050","1780866000000","699"
"2315040","1780866000000","87"
"4025700","1780866000000","8718"
"1974050","1780869600000","631"
"2315040","1780869600000","86"
"4025700","1780869600000","8097"
"1974050","1780873200000","602"
"2315040","1780873200000","106"
"4025700","1780873200000","8150"
"1974050","1780876800000","590"
"2315040","1780876800000","156"
"4025700","1780876800000","8211"
"1974050","1780880400000","556"
"2315040","1780880400000","253"
"4025700","1780880400000","8448"
"1974050","1780884000000","540"
"2315040","1780884000000","376"
"4025700","1780884000000","8704"
"1974050","1780887600000","545"
"2315040","1780887600000","378"
"4025700","1780887600000","8836"
"1974050","1780891200000","549"
"2315040","1780891200000","391"
"4025700","1780891200000","8864"
"1974050","1780894800000","557"
"2315040","1780894800000","401"
"4025700","1780894800000","8988"
"1974050","1780898400000","615"
"2315040","1780898400000","423"
"4025700","1780898400000","9223"
"1974050","1780902000000","655"
"2315040","1780902000000","451"
"4025700","1780902000000","9253"
"1974050","1780905600000","697"
"2315040","1780905600000","456"
"4025700","1780905600000","9569"
"1974050","1780909200000","751"
"2315040","1780909200000","463"
"4025700","1780909200000","9879"
"1974050","1780912800000","779"
"2315040","1780912800000","519"
"4025700","1780912800000","10447"
"1974050","1780916400000","874"
"2315040","1780916400000","631"
"4025700","1780916400000","12012"
"1974050","1780920000000","959"
"2315040","1780920000000","716"
"4025700","1780920000000","13446"
"1974050","1780923600000","1054"
"2315040","1780923600000","792"
"4025700","1780923600000","14731"
"1974050","1780927200000","1081"
"2315040","1780927200000","717"
"4025700","1780927200000","15474"
"1974050","1780930800000","1037"
"2315040","1780930800000","567"
"4025700","1780930800000","14806"
"1974050","1780934400000","951"
"2315040","1780934400000","428"
"4025700","1780934400000","13248"
"1974050","1780938000000","881"
"2315040","1780938000000","279"
"4025700","1780938000000","11516"
"1974050","1780941600000","844"
"2315040","1780941600000","195"
"4025700","1780941600000","10017"
"1974050","1780945200000","733"
"2315040","1780945200000","138"
"4025700","1780945200000","7496"
"1974050","1780948800000","719"
"2315040","1780948800000","119"
"4025700","1780948800000","8136"
"1974050","1780952400000","617"
"2315040","1780952400000","90"
"4025700","1780952400000","7889"
"1974050","1780956000000","561"
"2315040","1780956000000","85"
"4025700","1780956000000","7549"
"1974050","1780959600000","494"
"2315040","1780959600000","82"
"4025700","1780959600000","7836"
"1974050","1780963200000","514"
"2315040","1780963200000","145"
"4025700","1780963200000","7978"
"1974050","1780966800000","480"
"2315040","1780966800000","220"
"4025700","1780966800000","8114"
"1974050","1780970400000","130"
"2315040","1780970400000","58"
"4025700","1780970400000","8487"
"1974050","1780974000000","99"
"2315040","1780974000000","50"
"4025700","1780974000000","8588"
"1974050","1780977600000","98"
"2315040","1780977600000","40"
"4025700","1780977600000","8607"
"1974050","1780981200000","95"
"2315040","1780981200000","53"
"4025700","1780981200000","8681"
"1974050","1780984800000","141"
"2315040","1780984800000","132"
"4025700","1780984800000","8737"
"1974050","1780988400000","536"
"2315040","1780988400000","442"
"4025700","1780988400000","8861"
"1974050","1780992000000","688"
"2315040","1780992000000","485"
"4025700","1780992000000","9034"
"1974050","1780995600000","721"
"2315040","1780995600000","487"
"4025700","1780995600000","9320"
"1974050","1780999200000","794"
"2315040","1780999200000","502"
"4025700","1780999200000","9904"
"1974050","1781002800000","914"
"2315040","1781002800000","605"
"4025700","1781002800000","11471"
"1974050","1781006400000","998"
"2315040","1781006400000","673"
"4025700","1781006400000","13005"
"1974050","1781010000000","1071"
"2315040","1781010000000","728"
"4025700","1781010000000","14201"
"1974050","1781013600000","1068"
"2315040","1781013600000","727"
"4025700","1781013600000","14741"
"1974050","1781017200000","1009"
"2315040","1781017200000","604"
"4025700","1781017200000","14412"
"1974050","1781020800000","946"
"2315040","1781020800000","407"
"4025700","1781020800000","12913"
"1974050","1781024400000","903"
"2315040","1781024400000","280"
"4025700","1781024400000","11157"
"1974050","1781028000000","839"
"2315040","1781028000000","181"
"4025700","1781028000000","9747"
"1974050","1781031600000","826"
"2315040","1781031600000","131"
"4025700","1781031600000","8588"
"1974050","1781035200000","738"
"2315040","1781035200000","107"
"4025700","1781035200000","7909"
"1974050","1781038800000","603"
"2315040","1781038800000","92"
"4025700","1781038800000","7685"
"1974050","1781042400000","554"
"2315040","1781042400000","76"
"4025700","1781042400000","7287"
"1974050","1781046000000","544"
"2315040","1781046000000","87"
"4025700","1781046000000","7520"
"1974050","1781049600000","549"
"2315040","1781049600000","157"
"4025700","1781049600000","7593"
"1974050","1781053200000","543"
"2315040","1781053200000","221"
"4025700","1781053200000","7791"
"1974050","1781056800000","553"
"2315040","1781056800000","315"
"4025700","1781056800000","8136"
"1974050","1781060400000","554"
"2315040","1781060400000","363"
"4025700","1781060400000","8276"
"1974050","1781064000000","532"
"2315040","1781064000000","378"
"4025700","1781064000000","8405"
"1974050","1781067600000","560"
"2315040","1781067600000","405"
"4025700","1781067600000","8507"
"1974050","1781071200000","590"
"2315040","1781071200000","425"
"4025700","1781071200000","8527"
"1974050","1781074800000","620"
"2315040","1781074800000","418"
"4025700","1781074800000","8529"
"1974050","1781078400000","653"
"2315040","1781078400000","433"
"4025700","1781078400000","8610"
"1974050","1781082000000","676"
"2315040","1781082000000","447"
"4025700","1781082000000","8977"
"1974050","1781085600000","740"
"2315040","1781085600000","459"
"4025700","1781085600000","9883"
"1974050","1781089200000","843"
"2315040","1781089200000","541"
"4025700","1781089200000","11370"
"1974050","1781092800000","921"
"2315040","1781092800000","643"
"4025700","1781092800000","13300"
"1974050","1781096400000","986"
"2315040","1781096400000","712"
"4025700","1781096400000","14676"
"1974050","1781100000000","995"
"2315040","1781100000000","709"
"4025700","1781100000000","15349"
"1974050","1781103600000","941"
"2315040","1781103600000","576"
"4025700","1781103600000","14834"
"1974050","1781107200000","856"
"2315040","1781107200000","381"
"4025700","1781107200000","12928"
"1974050","1781110800000","791"
"2315040","1781110800000","283"
"4025700","1781110800000","11355"
"1974050","1781114400000","740"
"2315040","1781114400000","197"
"4025700","1781114400000","9820"
"1974050","1781118000000","731"
"2315040","1781118000000","151"
"4025700","1781118000000","8749"
"1974050","1781121600000","677"
"2315040","1781121600000","110"
"4025700","1781121600000","7879"
"1974050","1781125200000","605"
"2315040","1781125200000","100"
"4025700","1781125200000","7580"
"1974050","1781128800000","535"
"2315040","1781128800000","91"
"4025700","1781128800000","7302"
"1974050","1781132400000","510"
"2315040","1781132400000","112"
"4025700","1781132400000","7598"
"1974050","1781136000000","522"
"2315040","1781136000000","160"
"4025700","1781136000000","7724"
"1974050","1781139600000","526"
"2315040","1781139600000","217"
"4025700","1781139600000","7982"
"1974050","1781143200000","552"
"2315040","1781143200000","298"
"4025700","1781143200000","8245"
"1974050","1781146800000","507"
"2315040","1781146800000","328"
"4025700","1781146800000","8397"
"1974050","1781150400000","501"
"2315040","1781150400000","349"
"4025700","1781150400000","8327"
"1974050","1781154000000","499"
"2315040","1781154000000","360"
"4025700","1781154000000","8380"
"1974050","1781157600000","550"
"2315040","1781157600000","367"
"4025700","1781157600000","8461"
"1974050","1781161200000","599"
"2315040","1781161200000","400"
"4025700","1781161200000","8446"
"1974050","1781164800000","590"
"2315040","1781164800000","430"
"4025700","1781164800000","8565"
"1974050","1781168400000","650"
"2315040","1781168400000","397"
"4025700","1781168400000","8749"
"1974050","1781172000000","715"
"2315040","1781172000000","460"
"4025700","1781172000000","9283"
"1974050","1781175600000","792"
"2315040","1781175600000","525"
"4025700","1781175600000","10785"
"1974050","1781179200000","885"
"2315040","1781179200000","630"
"4025700","1781179200000","12285"
"1974050","1781182800000","920"
"2315040","1781182800000","644"
"4025700","1781182800000","13471"
"1974050","1781186400000","954"
"2315040","1781186400000","654"
"4025700","1781186400000","14052"
"1974050","1781190000000","910"
"2315040","1781190000000","528"
"4025700","1781190000000","13871"
"1974050","1781193600000","850"
"2315040","1781193600000","357"
"4025700","1781193600000","12558"
"1974050","1781197200000","827"
"2315040","1781197200000","261"
"4025700","1781197200000","10774"
"1974050","1781200800000","795"
"2315040","1781200800000","181"
"4025700","1781200800000","9394"
"1974050","1781204400000","721"
"2315040","1781204400000","131"
"4025700","1781204400000","8378"
"1974050","1781208000000","680"
"2315040","1781208000000","93"
"4025700","1781208000000","7600"
"1974050","1781211600000","589"
"2315040","1781211600000","88"
"4025700","1781211600000","7496"
"1974050","1781215200000","511"
"2315040","1781215200000","86"
"4025700","1781215200000","7134"
"1974050","1781218800000","498"
"2315040","1781218800000","90"
"4025700","1781218800000","7271"
"1974050","1781222400000","469"
"2315040","1781222400000","143"
"4025700","1781222400000","7218"
"1974050","1781226000000","458"
"2315040","1781226000000","222"
"4025700","1781226000000","7551"
"1974050","1781229600000","501"
"2315040","1781229600000","275"
"4025700","1781229600000","7905"
"1974050","1781233200000","493"
"2315040","1781233200000","308"
"4025700","1781233200000","8131"
"1974050","1781236800000","506"
"2315040","1781236800000","338"
"4025700","1781236800000","8110"
"1974050","1781240400000","516"
"2315040","1781240400000","361"
"4025700","1781240400000","8291"
"1974050","1781244000000","564"
"2315040","1781244000000","375"
"4025700","1781244000000","8488"
"1974050","1781247600000","608"
"2315040","1781247600000","388"
"4025700","1781247600000","8542"
"1974050","1781251200000","652"
"2315040","1781251200000","413"
"4025700","1781251200000","8576"
"1974050","1781254800000","734"
"2315040","1781254800000","403"
"4025700","1781254800000","8802"
"1974050","1781258400000","780"
"2315040","1781258400000","419"
"4025700","1781258400000","9454"
"1974050","1781262000000","830"
"2315040","1781262000000","502"
"4025700","1781262000000","10609"
"1974050","1781265600000","892"
"2315040","1781265600000","586"
"4025700","1781265600000","11984"
"1974050","1781269200000","947"
"2315040","1781269200000","623"
"4025700","1781269200000","13133"
"1974050","1781272800000","975"
"2315040","1781272800000","596"
"4025700","1781272800000","14316"
"1974050","1781276400000","973"
"2315040","1781276400000","506"
"4025700","1781276400000","14040"
"1974050","1781280000000","905"
"2315040","1781280000000","375"
"4025700","1781280000000","13045"
"1974050","1781283600000","857"
"2315040","1781283600000","267"
"4025700","1781283600000","11523"
"1974050","1781287200000","796"
"2315040","1781287200000","209"
"4025700","1781287200000","9894"
"1974050","1781290800000","772"
"2315040","1781290800000","142"
"4025700","1781290800000","8637"
"1974050","1781294400000","710"
"2315040","1781294400000","103"
"4025700","1781294400000","7822"
"1974050","1781298000000","632"
"2315040","1781298000000","86"
"4025700","1781298000000","7657"
"1974050","1781301600000","585"
"2315040","1781301600000","79"
"4025700","1781301600000","7367"
"1974050","1781305200000","581"
"2315040","1781305200000","88"
"4025700","1781305200000","7597"
"1974050","1781308800000","555"
"2315040","1781308800000","150"
"4025700","1781308800000","7827"
"1974050","1781312400000","574"
"2315040","1781312400000","251"
"4025700","1781312400000","8200"
"1974050","1781316000000","586"
"2315040","1781316000000","361"
"4025700","1781316000000","8769"
"1974050","1781319600000","624"
"2315040","1781319600000","378"
"4025700","1781319600000","9351"
"1974050","1781323200000","625"
"2315040","1781323200000","410"
"4025700","1781323200000","9870"
"1974050","1781326800000","652"
"2315040","1781326800000","448"
"4025700","1781326800000","10172"
"1974050","1781330400000","739"
"2315040","1781330400000","464"
"4025700","1781330400000","10646"
"1974050","1781334000000","787"
"2315040","1781334000000","510"
"4025700","1781334000000","10798"
"1974050","1781337600000","837"
"2315040","1781337600000","534"
"4025700","1781337600000","10882"
"1974050","1781341200000","898"
"2315040","1781341200000","518"
"4025700","1781341200000","10846"
"1974050","1781344800000","913"
"2315040","1781344800000","511"
"4025700","1781344800000","10970"
"1974050","1781348400000","985"
"2315040","1781348400000","568"
"4025700","1781348400000","11699"
"1974050","1781352000000","985"
"2315040","1781352000000","634"
"4025700","1781352000000","12498"
"1974050","1781355600000","1014"
"2315040","1781355600000","649"
"4025700","1781355600000","13848"
"1974050","1781359200000","1026"
"2315040","1781359200000","634"
"4025700","1781359200000","14689"
"1974050","1781362800000","1026"
"2315040","1781362800000","522"
"4025700","1781362800000","14942"
"1974050","1781366400000","991"
"2315040","1781366400000","383"
"4025700","1781366400000","14106"
"1974050","1781370000000","938"
"2315040","1781370000000","285"
"4025700","1781370000000","12710"
"1974050","1781373600000","879"
"2315040","1781373600000","206"
"4025700","1781373600000","11144"
"1974050","1781377200000","808"
"2315040","1781377200000","147"
"4025700","1781377200000","9833"
"1974050","1781380800000","742"
"2315040","1781380800000","111"
"4025700","1781380800000","8741"
"1974050","1781384400000","691"
"2315040","1781384400000","90"
"4025700","1781384400000","8364"
"1974050","1781388000000","626"
"2315040","1781388000000","89"
"4025700","1781388000000","7769"
"1974050","1781391600000","584"
"2315040","1781391600000","98"
"4025700","1781391600000","7667"
"1974050","1781395200000","581"
"2315040","1781395200000","156"
"4025700","1781395200000","7679"
"1974050","1781398800000","663"
"2315040","1781398800000","262"
"4025700","1781398800000","8186"
"1974050","1781402400000","650"
"2315040","1781402400000","376"
"4025700","1781402400000","8743"
"1974050","1781406000000","681"
"2315040","1781406000000","413"
"4025700","1781406000000","9287"
"1974050","1781409600000","696"
"2315040","1781409600000","440"
"4025700","1781409600000","9886"
"1974050","1781413200000","765"
"2315040","1781413200000","471"
"4025700","1781413200000","10254"
"1974050","1781416800000","809"
"2315040","1781416800000","462"
"4025700","1781416800000","10461"
"1974050","1781420400000","876"
"2315040","1781420400000","501"
"4025700","1781420400000","10609"
"1974050","1781424000000","884"
"2315040","1781424000000","520"
"4025700","1781424000000","10893"
"1974050","1781427600000","945"
"2315040","1781427600000","527"
"4025700","1781427600000","11024"
"1974050","1781431200000","976"
"2315040","1781431200000","533"
"4025700","1781431200000","11328"
"1974050","1781434800000","1012"
"2315040","1781434800000","536"
"4025700","1781434800000","12117"
"1974050","1781438400000","1083"
"2315040","1781438400000","598"
"4025700","1781438400000","13067"
"1974050","1781442000000","1080"
"2315040","1781442000000","605"
"4025700","1781442000000","14152"
"1974050","1781445600000","1075"
"2315040","1781445600000","586"
"4025700","1781445600000","14733"
"1974050","1781449200000","1003"
"2315040","1781449200000","502"
"4025700","1781449200000","14235"
"1974050","1781452800000","942"
"2315040","1781452800000","355"
"4025700","1781452800000","12783"
"1974050","1781456400000","829"
"2315040","1781456400000","229"
"4025700","1781456400000","11245"
"1974050","1781460000000","828"
"2315040","1781460000000","165"
"4025700","1781460000000","9779"
"1974050","1781463600000","814"
"2315040","1781463600000","113"
"4025700","1781463600000","8787"
"1974050","1781467200000","676"
"2315040","1781467200000","87"
"4025700","1781467200000","8071"
"1974050","1781470800000","602"
"2315040","1781470800000","83"
"4025700","1781470800000","7676"
"1974050","1781474400000","586"
"2315040","1781474400000","88"
"4025700","1781474400000","7249"
"1974050","1781478000000","495"
"2315040","1781478000000","96"
"4025700","1781478000000","7318"
"1974050","1781481600000","474"
"2315040","1781481600000","135"
"4025700","1781481600000","7347"
"1974050","1781485200000","432"
"2315040","1781485200000","196"
"4025700","1781485200000","7560"
"1974050","1781488800000","455"
"2315040","1781488800000","278"
"4025700","1781488800000","7810"
"1974050","1781492400000","463"
"2315040","1781492400000","296"
"4025700","1781492400000","8004"
"1974050","1781496000000","461"
"2315040","1781496000000","321"
"4025700","1781496000000","8024"
"1974050","1781499600000","499"
"2315040","1781499600000","318"
"4025700","1781499600000","8129"
"1974050","1781503200000","504"
"2315040","1781503200000","338"
"4025700","1781503200000","8120"
"1974050","1781506800000","553"
"2315040","1781506800000","372"
"4025700","1781506800000","8201"
"1974050","1781510400000","587"
"2315040","1781510400000","382"
"4025700","1781510400000","8375"
"1974050","1781514000000","646"
"2315040","1781514000000","378"
"4025700","1781514000000","8672"
"1974050","1781517600000","673"
"2315040","1781517600000","418"
"4025700","1781517600000","9241"
"1974050","1781521200000","792"
"2315040","1781521200000","515"
"4025700","1781521200000","10625"
"1974050","1781524800000","846"
"2315040","1781524800000","586"
"4025700","1781524800000","11832"
"1974050","1781528400000","876"
"2315040","1781528400000","601"
"4025700","1781528400000","13114"
"1974050","1781532000000","887"
"2315040","1781532000000","578"
"4025700","1781532000000","13866"
"1974050","1781535600000","878"
"2315040","1781535600000","465"
"4025700","1781535600000","12888"
"1974050","1781539200000","849"
"2315040","1781539200000","296"
"4025700","1781539200000","10531"
"1974050","1781542800000","774"
"2315040","1781542800000","227"
"4025700","1781542800000","8092"
"1974050","1781546400000","779"
"2315040","1781546400000","159"
"4025700","1781546400000","8079"
"1974050","1781550000000","673"
"2315040","1781550000000","126"
"4025700","1781550000000","7729"
"1974050","1781553600000","618"
"2315040","1781553600000","100"
"4025700","1781553600000","7160"
"1974050","1781557200000","547"
"2315040","1781557200000","84"
"4025700","1781557200000","6949"
"1974050","1781560800000","508"
"2315040","1781560800000","86"
"4025700","1781560800000","6706"
"1974050","1781564400000","457"
"2315040","1781564400000","80"
"4025700","1781564400000","6804"
"1974050","1781568000000","440"
"2315040","1781568000000","133"
"4025700","1781568000000","7038"
"1974050","1781571600000","442"
"2315040","1781571600000","210"
"4025700","1781571600000","7260"
"1974050","1781575200000","426"
"2315040","1781575200000","277"
"4025700","1781575200000","7642"
"1974050","1781578800000","438"
"2315040","1781578800000","305"
"4025700","1781578800000","7821"
"1974050","1781582400000","453"
"2315040","1781582400000","341"
"4025700","1781582400000","7747"
"1974050","1781586000000","453"
"2315040","1781586000000","344"
"4025700","1781586000000","7892"
"1974050","1781589600000","487"
"2315040","1781589600000","340"
"4025700","1781589600000","7950"
"1974050","1781593200000","532"
"2315040","1781593200000","357"
"4025700","1781593200000","8023"
"1974050","1781596800000","586"
"2315040","1781596800000","393"
"4025700","1781596800000","8171"
"1974050","1781600400000","633"
"2315040","1781600400000","376"
"4025700","1781600400000","8401"
"1974050","1781604000000","704"
"2315040","1781604000000","410"
"4025700","1781604000000","9004"
"1974050","1781607600000","785"
"2315040","1781607600000","489"
"4025700","1781607600000","10333"
"1974050","1781611200000","822"
"2315040","1781611200000","518"
"4025700","1781611200000","11830"
"1974050","1781614800000","899"
"2315040","1781614800000","582"
"4025700","1781614800000","12936"
"1974050","1781618400000","868"
"2315040","1781618400000","583"
"4025700","1781618400000","13495"
"1974050","1781622000000","883"
"2315040","1781622000000","476"
"4025700","1781622000000","13355"
"1974050","1781625600000","834"
"2315040","1781625600000","313"
"4025700","1781625600000","12139"
"1974050","1781629200000","772"
"2315040","1781629200000","203"
"4025700","1781629200000","10757"
"1974050","1781632800000","744"
"2315040","1781632800000","149"
"4025700","1781632800000","9247"
"1974050","1781636400000","647"
"2315040","1781636400000","115"
"4025700","1781636400000","8196"
"1974050","1781640000000","630"
"2315040","1781640000000","86"
"4025700","1781640000000","7396"
"1974050","1781643600000","557"
"2315040","1781643600000","85"
"4025700","1781643600000","7172"
"1974050","1781647200000","487"
"2315040","1781647200000","89"
"4025700","1781647200000","6789"
"1974050","1781650800000","445"
"2315040","1781650800000","100"
"4025700","1781650800000","6978"
"1974050","1781654400000","451"
"2315040","1781654400000","144"
"4025700","1781654400000","7036"
"1974050","1781658000000","447"
"2315040","1781658000000","201"
"4025700","1781658000000","7196"
"1974050","1781661600000","466"
"2315040","1781661600000","236"
"4025700","1781661600000","7642"
"1974050","1781665200000","478"
"2315040","1781665200000","270"
"4025700","1781665200000","7790"
"1974050","1781668800000","452"
"2315040","1781668800000","291"
"4025700","1781668800000","7792"
"1974050","1781672400000","473"
"2315040","1781672400000","323"
"4025700","1781672400000","8074"
"1974050","1781676000000","526"
"2315040","1781676000000","328"
"4025700","1781676000000","8056"
"1974050","1781679600000","549"
"2315040","1781679600000","350"
"4025700","1781679600000","7986"
"1974050","1781683200000","592"
"2315040","1781683200000","359"
"4025700","1781683200000","8173"
"1974050","1781686800000","642"
"2315040","1781686800000","342"
"4025700","1781686800000","8421"
"1974050","1781690400000","664"
"2315040","1781690400000","377"
"4025700","1781690400000","8788"
"1974050","1781694000000","740"
"2315040","1781694000000","459"
"4025700","1781694000000","10092"
"1974050","1781697600000","806"
"2315040","1781697600000","510"
"4025700","1781697600000","11465"
"1974050","1781701200000","836"
"2315040","1781701200000","543"
"4025700","1781701200000","12773"
"1974050","1781704800000","844"
"2315040","1781704800000","538"
"4025700","1781704800000","13012"
"1974050","1781708400000","807"
"2315040","1781708400000","447"
"4025700","1781708400000","12797"
"1974050","1781712000000","787"
"2315040","1781712000000","304"
"4025700","1781712000000","11533"
"1974050","1781715600000","760"
"2315040","1781715600000","190"
"4025700","1781715600000","9879"
"1974050","1781719200000","712"
"2315040","1781719200000","128"
"4025700","1781719200000","8721"
"1974050","1781722800000","690"
"2315040","1781722800000","106"
"4025700","1781722800000","7838"
"1974050","1781726400000","616"
"2315040","1781726400000","85"
"4025700","1781726400000","7094"
"1974050","1781730000000","548"
"2315040","1781730000000","73"
"4025700","1781730000000","6899"
"1974050","1781733600000","487"
"2315040","1781733600000","69"
"4025700","1781733600000","6687"
"1974050","1781737200000","484"
"2315040","1781737200000","83"
"4025700","1781737200000","6871"
"1974050","1781740800000","452"
"2315040","1781740800000","136"
"4025700","1781740800000","7120"
"1974050","1781744400000","425"
"2315040","1781744400000","211"
"4025700","1781744400000","7406"
"1974050","1781748000000","442"
"2315040","1781748000000","239"
"4025700","1781748000000","7590"
"1974050","1781751600000","459"
"2315040","1781751600000","272"
"4025700","1781751600000","7567"
"1974050","1781755200000","448"
"2315040","1781755200000","292"
"4025700","1781755200000","7686"
"1974050","1781758800000","475"
"2315040","1781758800000","309"
"4025700","1781758800000","7811"
"1974050","1781762400000","507"
"2315040","1781762400000","322"
"4025700","1781762400000","7699"
"1974050","1781766000000","545"
"2315040","1781766000000","357"
"4025700","1781766000000","7879"
"1974050","1781769600000","579"
"2315040","1781769600000","358"
"4025700","1781769600000","8060"
"1974050","1781773200000","597"
"2315040","1781773200000","354"
"4025700","1781773200000","8319"
"1974050","1781776800000","642"
"2315040","1781776800000","361"
"4025700","1781776800000","9018"
"1974050","1781780400000","706"
"2315040","1781780400000","398"
"4025700","1781780400000","10174"
"1974050","1781784000000","791"
"2315040","1781784000000","479"
"4025700","1781784000000","11543"
"1974050","1781787600000","835"
"2315040","1781787600000","533"
"4025700","1781787600000","12625"
"1974050","1781791200000","863"
"2315040","1781791200000","493"
"4025700","1781791200000","13283"
"1974050","1781794800000","841"
"2315040","1781794800000","430"
"4025700","1781794800000","13023"
"1974050","1781798400000","765"
"2315040","1781798400000","324"
"4025700","1781798400000","11930"
"1974050","1781802000000","745"
"2315040","1781802000000","219"
"4025700","1781802000000","10417"
"1974050","1781805600000","698"
"2315040","1781805600000","147"
"4025700","1781805600000","8952"
"1974050","1781809200000","664"
"2315040","1781809200000","112"
"4025700","1781809200000","8131"
"1974050","1781812800000","647"
"2315040","1781812800000","80"
"4025700","1781812800000","7370"
"1974050","1781816400000","566"
"2315040","1781816400000","66"
"4025700","1781816400000","7203"
"1974050","1781820000000","502"
"2315040","1781820000000","69"
"4025700","1781820000000","7098"
"1974050","1781823600000","473"
"2315040","1781823600000","101"
"4025700","1781823600000","7425"
"1974050","1781827200000","462"
"2315040","1781827200000","146"
"4025700","1781827200000","7714"
"1974050","1781830800000","459"
"2315040","1781830800000","215"
"4025700","1781830800000","8168"
"1974050","1781834400000","450"
"2315040","1781834400000","314"
"4025700","1781834400000","8752"
"1974050","1781838000000","483"
"2315040","1781838000000","308"
"4025700","1781838000000","9549"
"1974050","1781841600000","494"
"2315040","1781841600000","351"
"4025700","1781841600000","10013"
"1974050","1781845200000","508"
"2315040","1781845200000","378"
"4025700","1781845200000","10795"
"1974050","1781848800000","539"
"2315040","1781848800000","411"
"4025700","1781848800000","11366"
"1974050","1781852400000","588"
"2315040","1781852400000","431"
"4025700","1781852400000","11667"
"1974050","1781856000000","621"
"2315040","1781856000000","453"
"4025700","1781856000000","11793"
"1974050","1781859600000","664"
"2315040","1781859600000","422"
"4025700","1781859600000","11846"
"1974050","1781863200000","677"
"2315040","1781863200000","404"
"4025700","1781863200000","11817"
"1974050","1781866800000","749"
"2315040","1781866800000","446"
"4025700","1781866800000","12598"
"1974050","1781870400000","764"
"2315040","1781870400000","471"
"4025700","1781870400000","13787"
"1974050","1781874000000","788"
"2315040","1781874000000","517"
"4025700","1781874000000","15086"
"1974050","1781877600000","845"
"2315040","1781877600000","502"
"4025700","1781877600000","16220"
"1974050","1781881200000","805"
"2315040","1781881200000","441"
"4025700","1781881200000","16238"
"1974050","1781884800000","814"
"2315040","1781884800000","323"
"4025700","1781884800000","15140"
"1974050","1781888400000","748"
"2315040","1781888400000","211"
"4025700","1781888400000","13638"
"1974050","1781892000000","689"
"2315040","1781892000000","156"
"4025700","1781892000000","11951"
"1974050","1781895600000","658"
"2315040","1781895600000","117"
"4025700","1781895600000","10590"
"1974050","1781899200000","632"
"2315040","1781899200000","96"
"4025700","1781899200000","9443"
"1974050","1781902800000","584"
"2315040","1781902800000","80"
"4025700","1781902800000","9076"
"1974050","1781906400000","531"
"2315040","1781906400000","78"
"4025700","1781906400000","8612"
"1974050","1781910000000","518"
"2315040","1781910000000","92"
"4025700","1781910000000","8420"
"1974050","1781913600000","500"
"2315040","1781913600000","137"
"4025700","1781913600000","8272"
"1974050","1781917200000","486"
"2315040","1781917200000","216"
"4025700","1781917200000","8611"
"1974050","1781920800000","508"
"2315040","1781920800000","287"
"4025700","1781920800000","9214"
"1974050","1781924400000","541"
"2315040","1781924400000","334"
"4025700","1781924400000","9715"
"1974050","1781928000000","538"
"2315040","1781928000000","355"
"4025700","1781928000000","9845"
"1974050","1781931600000","592"
"2315040","1781931600000","374"
"4025700","1781931600000","10288"
"1974050","1781935200000","641"
"2315040","1781935200000","401"
"4025700","1781935200000","10458"
"1974050","1781938800000","686"
"2315040","1781938800000","420"
"4025700","1781938800000","10633"
"1974050","1781942400000","700"
"2315040","1781942400000","447"
"4025700","1781942400000","10577"
"1974050","1781946000000","743"
"2315040","1781946000000","451"
"4025700","1781946000000","10571"
"1974050","1781949600000","0"
"2315040","1781949600000","434"
"4025700","1781949600000","10867"
"1974050","1781953200000","780"
"2315040","1781953200000","452"
"4025700","1781953200000","11533"
"1974050","1781956800000","875"
"2315040","1781956800000","488"
"4025700","1781956800000","12619"
"1974050","1781960400000","899"
"2315040","1781960400000","546"
"4025700","1781960400000","13788"
"1974050","1781964000000","918"
"2315040","1781964000000","507"
"4025700","1781964000000","14744"
"1974050","1781967600000","868"
"2315040","1781967600000","447"
"4025700","1781967600000","14530"
"1974050","1781971200000","871"
"2315040","1781971200000","338"
"4025700","1781971200000","13492"
"1974050","1781974800000","794"
"2315040","1781974800000","242"
"4025700","1781974800000","11850"
"1974050","1781978400000","739"
"2315040","1781978400000","159"
"4025700","1781978400000","10417"
"1974050","1781982000000","727"
"2315040","1781982000000","123"
"4025700","1781982000000","9125"
"1974050","1781985600000","666"
"2315040","1781985600000","84"
"4025700","1781985600000","8284"
"1974050","1781989200000","563"
"2315040","1781989200000","69"
"4025700","1781989200000","7832"
"1974050","1781992800000","538"
"2315040","1781992800000","66"
"4025700","1781992800000","7571"
"1974050","1781996400000","534"
"2315040","1781996400000","76"
"4025700","1781996400000","7504"
"1974050","1782000000000","510"
"2315040","1782000000000","127"
"4025700","1782000000000","7559"
"1974050","1782003600000","513"
"2315040","1782003600000","211"
"4025700","1782003600000","8002"
"1974050","1782007200000","534"
"2315040","1782007200000","293"
"4025700","1782007200000","8679"
"1974050","1782010800000","563"
"2315040","1782010800000","325"
"4025700","1782010800000","9105"
"1974050","1782014400000","586"
"2315040","1782014400000","375"
"4025700","1782014400000","9365"
"1974050","1782018000000","614"
"2315040","1782018000000","407"
"4025700","1782018000000","9957"
"1974050","1782021600000","661"
"2315040","1782021600000","435"
"4025700","1782021600000","10101"
"1974050","1782025200000","724"
"2315040","1782025200000","445"
"4025700","1782025200000","10356"
"1974050","1782028800000","762"
"2315040","1782028800000","462"
"4025700","1782028800000","10476"
"1974050","1782032400000","803"
"2315040","1782032400000","462"
"4025700","1782032400000","10563"
"1974050","1782036000000","851"
"2315040","1782036000000","426"
"4025700","1782036000000","10806"
"1974050","1782039600000","872"
"2315040","1782039600000","459"
"4025700","1782039600000","11460"
"1974050","1782043200000","925"
"2315040","1782043200000","525"
"4025700","1782043200000","12388"
"1974050","1782046800000","948"
"2315040","1782046800000","523"
"4025700","1782046800000","13299"
"1974050","1782050400000","913"
"2315040","1782050400000","492"
"4025700","1782050400000","13706"
"1974050","1782054000000","894"
"2315040","1782054000000","411"
"4025700","1782054000000","13387"
"1974050","1782057600000","869"
"2315040","1782057600000","274"
"4025700","1782057600000","12162"
"1974050","1782061200000","817"
"2315040","1782061200000","224"
"4025700","1782061200000","10607"
"1974050","1782064800000","745"
"2315040","1782064800000","142"
"4025700","1782064800000","9409"
"1974050","1782068400000","712"
"2315040","1782068400000","103"
"4025700","1782068400000","8397"
"1974050","1782072000000","656"
"2315040","1782072000000","74"
"4025700","1782072000000","7720"
"1974050","1782075600000","586"
"2315040","1782075600000","53"
"4025700","1782075600000","7364"
"1974050","1782079200000","495"
"2315040","1782079200000","60"
"4025700","1782079200000","7061"
"1974050","1782082800000","469"
"2315040","1782082800000","81"
"4025700","1782082800000","7005"
"1974050","1782086400000","425"
"2315040","1782086400000","127"
"4025700","1782086400000","7042"
"1974050","1782090000000","444"
"2315040","1782090000000","205"
"4025700","1782090000000","7324"
"1974050","1782093600000","413"
"2315040","1782093600000","254"
"4025700","1782093600000","7580"
"1974050","1782097200000","402"
"2315040","1782097200000","258"
"4025700","1782097200000","7740"
"1974050","1782100800000","396"
"2315040","1782100800000","309"
"4025700","1782100800000","7877"
"1974050","1782104400000","414"
"2315040","1782104400000","333"
"4025700","1782104400000","7914"
"1974050","1782108000000","462"
"2315040","1782108000000","332"
"4025700","1782108000000","7980"
"1974050","1782111600000","488"
"2315040","1782111600000","362"
"4025700","1782111600000","8047"
"1974050","1782115200000","556"
"2315040","1782115200000","366"
"4025700","1782115200000","8302"
"1974050","1782118800000","579"
"2315040","1782118800000","356"
"4025700","1782118800000","8532"
"1974050","1782122400000","618"
"2315040","1782122400000","375"
"4025700","1782122400000","9209"
"1974050","1782126000000","719"
"2315040","1782126000000","445"
"4025700","1782126000000","10735"
"1974050","1782129600000","729"
"2315040","1782129600000","519"
"4025700","1782129600000","12334"
"1974050","1782133200000","742"
"2315040","1782133200000","567"
"4025700","1782133200000","13591"
"1974050","1782136800000","779"
"2315040","1782136800000","562"
"4025700","1782136800000","14013"
"1974050","1782140400000","761"
"2315040","1782140400000","447"
"4025700","1782140400000","13529"
"1974050","1782144000000","758"
"2315040","1782144000000","274"
"4025700","1782144000000","12020"
"1974050","1782147600000","751"
"2315040","1782147600000","184"
"4025700","1782147600000","10416"
"1974050","1782151200000","697"
"2315040","1782151200000","120"
"4025700","1782151200000","9097"
"1974050","1782154800000","705"
"2315040","1782154800000","78"
"4025700","1782154800000","8146"
"1974050","1782158400000","623"
"2315040","1782158400000","65"
"4025700","1782158400000","7445"
"1974050","1782162000000","562"
"2315040","1782162000000","52"
"4025700","1782162000000","7166"
"1974050","1782165600000","452"
"2315040","1782165600000","64"
"4025700","1782165600000","6984"
"1974050","1782169200000","435"
"2315040","1782169200000","76"
"4025700","1782169200000","7301"
"1974050","1782172800000","427"
"2315040","1782172800000","130"
"4025700","1782172800000","7380"
"1974050","1782176400000","409"
"2315040","1782176400000","173"
"4025700","1782176400000","7648"
"1974050","1782180000000","439"
"2315040","1782180000000","230"
"4025700","1782180000000","7884"
"1974050","1782183600000","441"
"2315040","1782183600000","247"
"4025700","1782183600000","7822"
"1974050","1782187200000","409"
"2315040","1782187200000","289"
"4025700","1782187200000","7668"
"1974050","1782190800000","417"
"2315040","1782190800000","295"
"4025700","1782190800000","7741"
"1974050","1782194400000","456"
"2315040","1782194400000","326"
"4025700","1782194400000","7797"
"1974050","1782198000000","476"
"2315040","1782198000000","360"
"4025700","1782198000000","7874"
"1974050","1782201600000","514"
"2315040","1782201600000","365"
"4025700","1782201600000","8095"
"1974050","1782205200000","572"
"2315040","1782205200000","376"
"4025700","1782205200000","8254"
"1974050","1782208800000","619"
"2315040","1782208800000","390"
"4025700","1782208800000","8786"
"1974050","1782212400000","667"
"2315040","1782212400000","461"
"4025700","1782212400000","10108"
"1974050","1782216000000","724"
"2315040","1782216000000","513"
"4025700","1782216000000","11240"
"1974050","1782219600000","732"
"2315040","1782219600000","557"
"4025700","1782219600000","12414"
"1974050","1782223200000","764"
"2315040","1782223200000","558"
"4025700","1782223200000","13015"
"1974050","1782226800000","716"
"2315040","1782226800000","452"
"4025700","1782226800000","12646"
"1974050","1782230400000","709"
"2315040","1782230400000","314"
"4025700","1782230400000","11181"
"1974050","1782234000000","641"
"2315040","1782234000000","192"
"4025700","1782234000000","9726"
"1974050","1782237600000","649"
"2315040","1782237600000","132"
"4025700","1782237600000","8468"
"1974050","1782241200000","627"
"2315040","1782241200000","104"
"4025700","1782241200000","7679"
"1974050","1782244800000","575"
"2315040","1782244800000","80"
"4025700","1782244800000","6994"
"1974050","1782248400000","534"
"2315040","1782248400000","70"
"4025700","1782248400000","6818"
"1974050","1782252000000","431"
"2315040","1782252000000","68"
"4025700","1782252000000","0"
"1974050","1782255600000","425"
"2315040","1782255600000","76"
"4025700","1782255600000","6648"
"1974050","1782259200000","408"
"2315040","1782259200000","111"
"4025700","1782259200000","6684"
"1974050","1782262800000","405"
"2315040","1782262800000","178"
"4025700","1782262800000","7030"
"1974050","1782266400000","383"
"2315040","1782266400000","111"
"4025700","1782266400000","0"
"1974050","1782270000000","431"
"2315040","1782270000000","271"
"4025700","1782270000000","7306"
"1974050","1782273600000","370"
"2315040","1782273600000","301"
"4025700","1782273600000","7360"
"1974050","1782277200000","411"
"2315040","1782277200000","294"
"4025700","1782277200000","7460"
"1974050","1782280800000","434"
"2315040","1782280800000","334"
"4025700","1782280800000","7561"
"1974050","1782284400000","462"
"2315040","1782284400000","350"
"4025700","1782284400000","7597"
"1974050","1782288000000","484"
"2315040","1782288000000","356"
"4025700","1782288000000","7580"
"1974050","1782291600000","473"
"2315040","1782291600000","341"
"4025700","1782291600000","7803"
"1974050","1782295200000","547"
"2315040","1782295200000","350"
"4025700","1782295200000","8469"
"1974050","1782298800000","612"
"2315040","1782298800000","419"
"4025700","1782298800000","9667"
"1974050","1782302400000","701"
"2315040","1782302400000","468"
"4025700","1782302400000","10911"
"1974050","1782306000000","772"
"2315040","1782306000000","502"
"4025700","1782306000000","12075"
"1974050","1782309600000","807"
"2315040","1782309600000","506"
"4025700","1782309600000","12833"
"1974050","1782313200000","762"
"2315040","1782313200000","410"
"4025700","1782313200000","12329"
"1974050","1782316800000","716"
"2315040","1782316800000","274"
"4025700","1782316800000","11042"
"1974050","1782320400000","699"
"2315040","1782320400000","189"
"4025700","1782320400000","9661"
"1974050","1782324000000","663"
"2315040","1782324000000","131"
"4025700","1782324000000","8371"
"1974050","1782327600000","606"
"2315040","1782327600000","94"
"4025700","1782327600000","7548"
"1974050","1782331200000","556"
"2315040","1782331200000","72"
"4025700","1782331200000","6918"
"1974050","1782334800000","482"
"2315040","1782334800000","67"
"4025700","1782334800000","6709"
"1974050","1782338400000","420"
"2315040","1782338400000","58"
"4025700","1782338400000","6304"
"1974050","1782342000000","387"
"2315040","1782342000000","66"
"4025700","1782342000000","6449"
"1974050","1782345600000","363"
"2315040","1782345600000","106"
"4025700","1782345600000","6624"
"1974050","1782349200000","385"
"2315040","1782349200000","163"
"4025700","1782349200000","6918"
"1974050","1782352800000","381"
"2315040","1782352800000","239"
"4025700","1782352800000","7270"
"1974050","1782356400000","371"
"2315040","1782356400000","248"
"4025700","1782356400000","7395"
"1974050","1782360000000","376"
"2315040","1782360000000","296"
"4025700","1782360000000","7428"
"1974050","1782363600000","381"
"2315040","1782363600000","290"
"4025700","1782363600000","7491"
"1974050","1782367200000","426"
"2315040","1782367200000","283"
"4025700","1782367200000","7337"
"1974050","1782370800000","468"
"2315040","1782370800000","309"
"4025700","1782370800000","7395"
"1974050","1782374400000","480"
"2315040","1782374400000","323"
"4025700","1782374400000","7573"
"1974050","1782378000000","493"
"2315040","1782378000000","338"
"4025700","1782378000000","7776"
"1974050","1782381600000","543"
"2315040","1782381600000","359"
"4025700","1782381600000","8361"
"1974050","1782385200000","584"
"2315040","1782385200000","440"
"4025700","1782385200000","9548"
"1974050","1782388800000","675"
"2315040","1782388800000","484"
"4025700","1782388800000","10733"
"1974050","1782392400000","706"
"2315040","1782392400000","507"
"4025700","1782392400000","11826"
"1974050","1782396000000","726"
"2315040","1782396000000","469"
"4025700","1782396000000","12342"
"1974050","1782399600000","710"
"2315040","1782399600000","426"
"4025700","1782399600000","11883"
"1974050","1782403200000","664"
"2315040","1782403200000","277"
"4025700","1782403200000","10677"
"1974050","1782406800000","652"
"2315040","1782406800000","194"
"4025700","1782406800000","9350"
"1974050","1782410400000","570"
"2315040","1782410400000","139"
"4025700","1782410400000","8088"
"1974050","1782414000000","554"
"2315040","1782414000000","87"
"4025700","1782414000000","7278"
"1974050","1782417600000","522"
"2315040","1782417600000","75"
"4025700","1782417600000","6612"
"1974050","1782421200000","464"
"2315040","1782421200000","62"
"4025700","1782421200000","6474"
"1974050","1782424800000","385"
"2315040","1782424800000","65"
"4025700","1782424800000","6252"
"1974050","1782428400000","361"
"2315040","1782428400000","70"
"4025700","1782428400000","6477"
"1974050","1782432000000","359"
"2315040","1782432000000","110"
"4025700","1782432000000","6624"
"1974050","1782435600000","383"
"2315040","1782435600000","145"
"4025700","1782435600000","6978"
"1974050","1782439200000","379"
"2315040","1782439200000","191"
"4025700","1782439200000","7071"
"1974050","1782442800000","346"
"2315040","1782442800000","202"
"4025700","1782442800000","7299"
"1974050","1782446400000","365"
"2315040","1782446400000","231"
"4025700","1782446400000","7289"
"1974050","1782450000000","393"
"2315040","1782450000000","248"
"4025700","1782450000000","7375"
"1974050","1782453600000","425"
"2315040","1782453600000","264"
"4025700","1782453600000","7487"
"1974050","1782457200000","443"
"2315040","1782457200000","279"
"4025700","1782457200000","7610"
"1974050","1782460800000","461"
"2315040","1782460800000","285"
"4025700","1782460800000","7768"
"1974050","1782464400000","500"
"2315040","1782464400000","288"
"4025700","1782464400000","7842"
"1974050","1782468000000","522"
"2315040","1782468000000","305"
"4025700","1782468000000","8405"
"1974050","1782471600000","563"
"2315040","1782471600000","350"
"4025700","1782471600000","9335"
"1974050","1782475200000","584"
"2315040","1782475200000","413"
"4025700","1782475200000","10453"
"1974050","1782478800000","632"
"2315040","1782478800000","452"
"4025700","1782478800000","11493"
"1974050","1782482400000","614"
"2315040","1782482400000","429"
"4025700","1782482400000","12132"
"1974050","1782486000000","635"
"2315040","1782486000000","374"
"4025700","1782486000000","11988"
"1974050","1782489600000","618"
"2315040","1782489600000","284"
"4025700","1782489600000","11072"
"1974050","1782493200000","576"
"2315040","1782493200000","189"
"4025700","1782493200000","9827"
"1974050","1782496800000","562"
"2315040","1782496800000","126"
"4025700","1782496800000","8527"
"1974050","1782500400000","532"
"2315040","1782500400000","100"
"4025700","1782500400000","7676"
"1974050","1782504000000","506"
"2315040","1782504000000","72"
"4025700","1782504000000","6995"
"1974050","1782507600000","480"
"2315040","1782507600000","54"
"4025700","1782507600000","6948"
"1974050","1782511200000","449"
"2315040","1782511200000","64"
"4025700","1782511200000","6823"
"1974050","1782514800000","397"
"2315040","1782514800000","70"
"4025700","1782514800000","6961"
"1974050","1782518400000","403"
"2315040","1782518400000","115"
"4025700","1782518400000","7177"
"1974050","1782522000000","398"
"2315040","1782522000000","185"
"4025700","1782522000000","7692"
"1974050","1782525600000","424"
"2315040","1782525600000","225"
"4025700","1782525600000","8279"
"1974050","1782529200000","435"
"2315040","1782529200000","274"
"4025700","1782529200000","8554"
"1974050","1782532800000","473"
"2315040","1782532800000","281"
"4025700","1782532800000","8882"
"1974050","1782536400000","501"
"2315040","1782536400000","314"
"4025700","1782536400000","9191"
"1974050","1782540000000","524"
"2315040","1782540000000","338"
"4025700","1782540000000","9317"
"1974050","1782543600000","542"
"2315040","1782543600000","351"
"4025700","1782543600000","9315"
"1974050","1782547200000","559"
"2315040","1782547200000","359"
"4025700","1782547200000","9351"
"1974050","1782550800000","576"
"2315040","1782550800000","374"
"4025700","1782550800000","9453"
"1974050","1782554400000","589"
"2315040","1782554400000","393"
"4025700","1782554400000","9640"
"1974050","1782558000000","628"
"2315040","1782558000000","409"
"4025700","1782558000000","10339"
"1974050","1782561600000","687"
"2315040","1782561600000","398"
"4025700","1782561600000","11337"
"1974050","1782565200000","727"
"2315040","1782565200000","445"
"4025700","1782565200000","12494"
"1974050","1782568800000","732"
"2315040","1782568800000","435"
"4025700","1782568800000","13146"
"1974050","1782572400000","697"
"2315040","1782572400000","394"
"4025700","1782572400000","13141"
"1974050","1782576000000","699"
"2315040","1782576000000","297"
"4025700","1782576000000","12715"
"1974050","1782579600000","613"
"2315040","1782579600000","197"
"4025700","1782579600000","11376"
"1974050","1782583200000","606"
"2315040","1782583200000","143"
"4025700","1782583200000","9959"
"1974050","1782586800000","570"
"2315040","1782586800000","99"
"4025700","1782586800000","8678"
"1974050","1782590400000","510"
"2315040","1782590400000","74"
"4025700","1782590400000","7818"
"1974050","1782594000000","499"
"2315040","1782594000000","67"
"4025700","1782594000000","7355"
"1974050","1782597600000","466"
"2315040","1782597600000","71"
"4025700","1782597600000","7125"
"1974050","1782601200000","413"
"2315040","1782601200000","77"
"4025700","1782601200000","7195"
"1974050","1782604800000","427"
"2315040","1782604800000","125"
"4025700","1782604800000","7150"
"1974050","1782608400000","438"
"2315040","1782608400000","176"
"4025700","1782608400000","7545"
"1974050","1782612000000","460"
"2315040","1782612000000","269"
"4025700","1782612000000","8060"
"1974050","1782615600000","466"
"2315040","1782615600000","315"
"4025700","1782615600000","8499"
"1974050","1782619200000","482"
"2315040","1782619200000","316"
"4025700","1782619200000","8877"
"1974050","1782622800000","499"
"2315040","1782622800000","348"
"4025700","1782622800000","9381"
"1974050","1782626400000","523"
"2315040","1782626400000","371"
"4025700","1782626400000","9510"
"1974050","1782630000000","575"
"2315040","1782630000000","393"
"4025700","1782630000000","9630"
"1974050","1782633600000","594"
"2315040","1782633600000","407"
"4025700","1782633600000","9790"
"1974050","1782637200000","634"
"2315040","1782637200000","386"
"4025700","1782637200000","10077"
"1974050","1782640800000","636"
"2315040","1782640800000","399"
"4025700","1782640800000","10366"
"1974050","1782644400000","694"
"2315040","1782644400000","416"
"4025700","1782644400000","11289"
"1974050","1782648000000","729"
"2315040","1782648000000","432"
"4025700","1782648000000","12217"
"1974050","1782651600000","758"
"2315040","1782651600000","459"
"4025700","1782651600000","13038"
"1974050","1782655200000","748"
"2315040","1782655200000","415"
"4025700","1782655200000","13415"
"1974050","1782658800000","748"
"2315040","1782658800000","348"
"4025700","1782658800000","12963"
"1974050","1782662400000","678"
"2315040","1782662400000","244"
"4025700","1782662400000","11766"
"1974050","1782666000000","630"
"2315040","1782666000000","160"
"4025700","1782666000000","10220"
"1974050","1782669600000","593"
"2315040","1782669600000","132"
"4025700","1782669600000","9096"
"1974050","1782673200000","564"
"2315040","1782673200000","100"
"4025700","1782673200000","8008"
"1974050","1782676800000","536"
"2315040","1782676800000","72"
"4025700","1782676800000","7394"
"1974050","1782680400000","460"
"2315040","1782680400000","52"
"4025700","1782680400000","7117"
"1974050","1782684000000","406"
"2315040","1782684000000","49"
"4025700","1782684000000","6793"
"1974050","1782687600000","369"
"2315040","1782687600000","72"
"4025700","1782687600000","6894"
"1974050","1782691200000","361"
"2315040","1782691200000","102"
"4025700","1782691200000","6933"
"1974050","1782694800000","352"
"2315040","1782694800000","153"
"4025700","1782694800000","7161"
"1974050","1782698400000","366"
"2315040","1782698400000","209"
"4025700","1782698400000","7263"
"1974050","1782702000000","383"
"2315040","1782702000000","218"
"4025700","1782702000000","7491"
"1974050","1782705600000","363"
"2315040","1782705600000","241"
"4025700","1782705600000","7596"
"1974050","1782709200000","357"
"2315040","1782709200000","257"
"4025700","1782709200000","7733"
"1974050","1782712800000","372"
"2315040","1782712800000","270"
"4025700","1782712800000","7590"
"1974050","1782716400000","394"
"2315040","1782716400000","275"
"4025700","1782716400000","7518"
"1974050","1782720000000","415"
"2315040","1782720000000","294"
"4025700","1782720000000","7665"
"1974050","1782723600000","446"
"2315040","1782723600000","300"
"4025700","1782723600000","7887"
"1974050","1782727200000","501"
"2315040","1782727200000","318"
"4025700","1782727200000","8429"
"1974050","1782730800000","542"
"2315040","1782730800000","381"
"4025700","1782730800000","9592"
"1974050","1782734400000","607"
"2315040","1782734400000","420"
"4025700","1782734400000","10777"
"1974050","1782738000000","657"
"2315040","1782738000000","435"
"4025700","1782738000000","11863"
"1974050","1782741600000","649"
"2315040","1782741600000","420"
"4025700","1782741600000","12383"
"1974050","1782745200000","607"
"2315040","1782745200000","345"
"4025700","1782745200000","12141"
"1974050","1782748800000","579"
"2315040","1782748800000","238"
"4025700","1782748800000","10980"
"1974050","1782752400000","536"
"2315040","1782752400000","160"
"4025700","1782752400000","9083"
"1974050","1782756000000","536"
"2315040","1782756000000","113"
"4025700","1782756000000","8260"
"1974050","1782759600000","507"
"2315040","1782759600000","80"
"4025700","1782759600000","7334"
"1974050","1782763200000","461"
"2315040","1782763200000","58"
"4025700","1782763200000","6832"
"1974050","1782766800000","428"
"2315040","1782766800000","56"
"4025700","1782766800000","6711"
"1974050","1782770400000","376"
"2315040","1782770400000","39"
"4025700","1782770400000","6401"
"1974050","1782774000000","354"
"2315040","1782774000000","55"
"4025700","1782774000000","6396"
"1974050","1782777600000","337"
"2315040","1782777600000","98"
"4025700","1782777600000","6550"
"1974050","1782781200000","336"
"2315040","1782781200000","166"
"4025700","1782781200000","6769"
"1974050","1782784800000","327"
"2315040","1782784800000","205"
"4025700","1782784800000","7106"
"1974050","1782788400000","306"
"2315040","1782788400000","231"
"4025700","1782788400000","7153"
"1974050","1782792000000","300"
"2315040","1782792000000","257"
"4025700","1782792000000","7130"
"1974050","1782795600000","329"
"2315040","1782795600000","248"
"4025700","1782795600000","7096"
"1974050","1782799200000","359"
"2315040","1782799200000","267"
"4025700","1782799200000","7219"
"1974050","1782802800000","383"
"2315040","1782802800000","280"
"4025700","1782802800000","7265"
"1974050","1782806400000","418"
"2315040","1782806400000","303"
"4025700","1782806400000","7373"
"1974050","1782810000000","445"
"2315040","1782810000000","0"
"4025700","1782810000000","7590"
"1974050","1782813600000","481"
"2315040","1782813600000","325"
"4025700","1782813600000","7978"
"1974050","1782817200000","521"
"2315040","1782817200000","345"
"4025700","1782817200000","8855"
"1974050","1782820800000","570"
"2315040","1782820800000","391"
"4025700","1782820800000","10220"
"1974050","1782824400000","621"
"2315040","1782824400000","416"
"4025700","1782824400000","11364"
"1974050","1782828000000","610"
"2315040","1782828000000","394"
"4025700","1782828000000","11824"
"1974050","1782831600000","619"
"2315040","1782831600000","332"
"4025700","1782831600000","11603"
"1974050","1782835200000","604"
"2315040","1782835200000","221"
"4025700","1782835200000","10396"
"1974050","1782838800000","540"
"2315040","1782838800000","156"
"4025700","1782838800000","9113"
"1974050","1782842400000","509"
"2315040","1782842400000","111"
"4025700","1782842400000","7867"
"1974050","1782846000000","511"
"2315040","1782846000000","74"
"4025700","1782846000000","7075"
"1974050","1782849600000","478"
"2315040","1782849600000","62"
"4025700","1782849600000","6470"
"1974050","1782853200000","390"
"2315040","1782853200000","55"
"4025700","1782853200000","6405"
"1974050","1782856800000","366"
"2315040","1782856800000","63"
"4025700","1782856800000","6252"
"1974050","1782860400000","346"
"2315040","1782860400000","88"
"4025700","1782860400000","6313"
"1974050","1782864000000","328"
"2315040","1782864000000","109"
"4025700","1782864000000","6468"
"1974050","1782867600000","325"
"2315040","1782867600000","167"
"4025700","1782867600000","6644"
"1974050","1782871200000","355"
"2315040","1782871200000","204"
"4025700","1782871200000","6813"
"1974050","1782874800000","354"
"2315040","1782874800000","218"
"4025700","1782874800000","6996"
"1974050","1782878400000","322"
"2315040","1782878400000","259"
"4025700","1782878400000","6998"
"1974050","1782882000000","315"
"2315040","1782882000000","259"
"4025700","1782882000000","6924"
"1974050","1782885600000","346"
"2315040","1782885600000","244"
"4025700","1782885600000","7022"
"1974050","1782889200000","370"
"2315040","1782889200000","265"
"4025700","1782889200000","7178"
"1974050","1782892800000","412"
"2315040","1782892800000","266"
"4025700","1782892800000","7283"
"1974050","1782896400000","415"
"2315040","1782896400000","246"
"4025700","1782896400000","7453"
"1974050","1782900000000","441"
"2315040","1782900000000","299"
"4025700","1782900000000","7946"
"1974050","1782903600000","483"
"2315040","1782903600000","339"
"4025700","1782903600000","8993"
"1974050","1782907200000","534"
"2315040","1782907200000","381"
"4025700","1782907200000","10209"
"1974050","1782910800000","582"
"2315040","1782910800000","427"
"4025700","1782910800000","11140"
"1974050","1782914400000","576"
"2315040","1782914400000","391"
"4025700","1782914400000","11442"
"1974050","1782918000000","563"
"2315040","1782918000000","311"
"4025700","1782918000000","11232"
"1974050","1782921600000","562"
"2315040","1782921600000","230"
"4025700","1782921600000","10440"
"1974050","1782925200000","530"
"2315040","1782925200000","148"
"4025700","1782925200000","9181"
"1974050","1782928800000","497"
"2315040","1782928800000","101"
"4025700","1782928800000","7800"
"1974050","1782932400000","485"
"2315040","1782932400000","72"
"4025700","1782932400000","7124"
"1974050","1782936000000","441"
"2315040","1782936000000","51"
"4025700","1782936000000","6467"
"1974050","1782939600000","389"
"2315040","1782939600000","45"
"4025700","1782939600000","6597"
"1974050","1782943200000","350"
"2315040","1782943200000","55"
"4025700","1782943200000","6702"
"1974050","1782946800000","323"
"2315040","1782946800000","57"
"4025700","1782946800000","7093"
"1974050","1782950400000","280"
"2315040","1782950400000","94"
"4025700","1782950400000","7497"
"1974050","1782954000000","291"
"2315040","1782954000000","150"
"4025700","1782954000000","7970"
"1974050","1782957600000","301"
"2315040","1782957600000","190"
"4025700","1782957600000","8482"
"1974050","1782961200000","299"
"2315040","1782961200000","216"
"4025700","1782961200000","8452"
"1974050","1782964800000","308"
"2315040","1782964800000","222"
"4025700","1782964800000","8140"
"1974050","1782968400000","298"
"2315040","1782968400000","230"
"4025700","1782968400000","7743"
"1974050","1782972000000","310"
"2315040","1782972000000","245"
"4025700","1782972000000","7208"
"1974050","1782975600000","353"
"2315040","1782975600000","267"
"4025700","1782975600000","7192"
"1974050","1782979200000","400"
"2315040","1782979200000","260"
"4025700","1782979200000","7226"
"1974050","1782982800000","460"
"2315040","1782982800000","245"
"4025700","1782982800000","7370"
"1974050","1782986400000","443"
"2315040","1782986400000","281"
"4025700","1782986400000","7939"
"1974050","1782990000000","466"
"2315040","1782990000000","325"
"4025700","1782990000000","8897"
"1974050","1782993600000","525"
"2315040","1782993600000","374"
"4025700","1782993600000","9991"
"1974050","1782997200000","569"
"2315040","1782997200000","387"
"4025700","1782997200000","11202"
"1974050","1783000800000","604"
"2315040","1783000800000","371"
"4025700","1783000800000","11662"
"1974050","1783004400000","581"
"2315040","1783004400000","300"
"4025700","1783004400000","11423"
"1974050","1783008000000","588"
"2315040","1783008000000","204"
"4025700","1783008000000","10401"
"1974050","1783011600000","559"
"2315040","1783011600000","142"
"4025700","1783011600000","8961"
"1974050","1783015200000","491"
"2315040","1783015200000","88"
"4025700","1783015200000","7645"
"1974050","1783018800000","469"
"2315040","1783018800000","66"
"4025700","1783018800000","6762"
"1974050","1783022400000","424"
"2315040","1783022400000","60"
"4025700","1783022400000","6248"
"1974050","1783026000000","372"
"2315040","1783026000000","52"
"4025700","1783026000000","6096"
"1974050","1783029600000","353"
"2315040","1783029600000","46"
"4025700","1783029600000","5923"
"1974050","1783033200000","321"
"2315040","1783033200000","61"
"4025700","1783033200000","6073"
"1974050","1783036800000","298"
"2315040","1783036800000","96"
"4025700","1783036800000","6069"
"1974050","1783040400000","307"
"2315040","1783040400000","142"
"4025700","1783040400000","6391"
"1974050","1783044000000","334"
"2315040","1783044000000","191"
"4025700","1783044000000","6715"
"1974050","1783047600000","309"
"2315040","1783047600000","214"
"4025700","1783047600000","6808"
"1974050","1783051200000","321"
"2315040","1783051200000","218"
"4025700","1783051200000","6711"
"1974050","1783054800000","320"
"2315040","1783054800000","233"
"4025700","1783054800000","6886"
"1974050","1783058400000","334"
"2315040","1783058400000","233"
"4025700","1783058400000","6821"
"1974050","1783062000000","376"
"2315040","1783062000000","246"
"4025700","1783062000000","6932"
"1974050","1783065600000","400"
"2315040","1783065600000","264"
"4025700","1783065600000","7019"
"1974050","1783069200000","405"
"2315040","1783069200000","253"
"4025700","1783069200000","7283"
"1974050","1783072800000","481"
"2315040","1783072800000","275"
"4025700","1783072800000","7724"
"1974050","1783076400000","525"
"2315040","1783076400000","317"
"4025700","1783076400000","8970"
"1974050","1783080000000","552"
"2315040","1783080000000","348"
"4025700","1783080000000","10084"
"1974050","1783083600000","601"
"2315040","1783083600000","387"
"4025700","1783083600000","11265"
"1974050","1783087200000","600"
"2315040","1783087200000","379"
"4025700","1783087200000","12076"
"1974050","1783090800000","610"
"2315040","1783090800000","329"
"4025700","1783090800000","11945"
"1974050","1783094400000","592"
"2315040","1783094400000","243"
"4025700","1783094400000","10965"
"1974050","1783098000000","570"
"2315040","1783098000000","136"
"4025700","1783098000000","9776"
"1974050","1783101600000","514"
"2315040","1783101600000","112"
"4025700","1783101600000","8458"
"1974050","1783105200000","498"
"2315040","1783105200000","94"
"4025700","1783105200000","7584"
"1974050","1783108800000","472"
"2315040","1783108800000","61"
"4025700","1783108800000","6932"
"1974050","1783112400000","441"
"2315040","1783112400000","57"
"4025700","1783112400000","6742"
"1974050","1783116000000","391"
"2315040","1783116000000","55"
"4025700","1783116000000","6562"
"1974050","1783119600000","381"
"2315040","1783119600000","72"
"4025700","1783119600000","6950"
"1974050","1783123200000","376"
"2315040","1783123200000","105"
"4025700","1783123200000","7155"
"1974050","1783126800000","370"
"2315040","1783126800000","158"
"4025700","1783126800000","7581"
"1974050","1783130400000","359"
"2315040","1783130400000","222"
"4025700","1783130400000","8174"
"1974050","1783134000000","373"
"2315040","1783134000000","242"
"4025700","1783134000000","8363"
"1974050","1783137600000","377"
"2315040","1783137600000","286"
"4025700","1783137600000","8633"
"1974050","1783141200000","408"
"2315040","1783141200000","309"
"4025700","1783141200000","9006"
"1974050","1783144800000","417"
"2315040","1783144800000","332"
"4025700","1783144800000","8927"
"1974050","1783148400000","479"
"2315040","1783148400000","349"
"4025700","1783148400000","8975"
"1974050","1783152000000","487"
"2315040","1783152000000","352"
"4025700","1783152000000","9170"
"1974050","1783155600000","503"
"2315040","1783155600000","348"
"4025700","1783155600000","9310"
"1974050","1783159200000","548"
"2315040","1783159200000","345"
"4025700","1783159200000","9423"
"1974050","1783162800000","579"
"2315040","1783162800000","346"
"4025700","1783162800000","10190"
"1974050","1783166400000","644"
"2315040","1783166400000","386"
"4025700","1783166400000","11015"
"1974050","1783170000000","652"
"2315040","1783170000000","436"
"4025700","1783170000000","12142"
"1974050","1783173600000","643"
"2315040","1783173600000","402"
"4025700","1783173600000","12761"
"1974050","1783177200000","644"
"2315040","1783177200000","351"
"4025700","1783177200000","12769"
"1974050","1783180800000","634"
"2315040","1783180800000","243"
"4025700","1783180800000","11964"
"1974050","1783184400000","579"
"2315040","1783184400000","176"
"4025700","1783184400000","10630"
"1974050","1783188000000","542"
"2315040","1783188000000","125"
"4025700","1783188000000","9328"
"1974050","1783191600000","513"
"2315040","1783191600000","81"
"4025700","1783191600000","8252"
"1974050","1783195200000","492"
"2315040","1783195200000","63"
"4025700","1783195200000","7509"
"1974050","1783198800000","432"
"2315040","1783198800000","47"
"4025700","1783198800000","7041"
"1974050","1783202400000","417"
"2315040","1783202400000","51"
"4025700","1783202400000","6793"
"1974050","1783206000000","402"
"2315040","1783206000000","74"
"4025700","1783206000000","6747"
"1974050","1783209600000","381"
"2315040","1783209600000","107"
"4025700","1783209600000","6845"
"1974050","1783213200000","355"
"2315040","1783213200000","171"
"4025700","1783213200000","7256"
"1974050","1783216800000","378"
"2315040","1783216800000","255"
"4025700","1783216800000","7823"
"1974050","1783220400000","398"
"2315040","1783220400000","304"
"4025700","1783220400000","8295"
"1974050","1783224000000","397"
"2315040","1783224000000","327"
"4025700","1783224000000","8627"
"1974050","1783227600000","412"
"2315040","1783227600000","327"
"4025700","1783227600000","8893"
"1974050","1783231200000","486"
"2315040","1783231200000","329"
"4025700","1783231200000","9055"
"1974050","1783234800000","522"
"2315040","1783234800000","358"
"4025700","1783234800000","9285"
"1974050","1783238400000","537"
"2315040","1783238400000","368"
"4025700","1783238400000","9377"
"1974050","1783242000000","582"
"2315040","1783242000000","392"
"4025700","1783242000000","9566"
"1974050","1783245600000","624"
"2315040","1783245600000","363"
"4025700","1783245600000","9700"
"1974050","1783249200000","644"
"2315040","1783249200000","369"
"4025700","1783249200000","10354"
"1974050","1783252800000","663"
"2315040","1783252800000","408"
"4025700","1783252800000","11212"
"1974050","1783256400000","711"
"2315040","1783256400000","431"
"4025700","1783256400000","12070"
"1974050","1783260000000","706"
"2315040","1783260000000","412"
"4025700","1783260000000","12542"
"1974050","1783263600000","700"
"2315040","1783263600000","338"
"4025700","1783263600000","12172"
"1974050","1783267200000","680"
"2315040","1783267200000","217"
"4025700","1783267200000","11296"
"1974050","1783270800000","633"
"2315040","1783270800000","150"
"4025700","1783270800000","9716"
"1974050","1783274400000","593"
"2315040","1783274400000","88"
"4025700","1783274400000","8544"
"1974050","1783278000000","557"
"2315040","1783278000000","90"
"4025700","1783278000000","7798"
"1974050","1783281600000","485"
"2315040","1783281600000","65"
"4025700","1783281600000","6926"
"1974050","1783285200000","420"
"2315040","1783285200000","59"
"4025700","1783285200000","6788"
"1974050","1783288800000","391"
"2315040","1783288800000","51"
"4025700","1783288800000","6593"
"1974050","1783292400000","371"
"2315040","1783292400000","69"
"4025700","1783292400000","6666"
"1974050","1783296000000","326"
"2315040","1783296000000","89"
"4025700","1783296000000","6644"
"1974050","1783299600000","339"
"2315040","1783299600000","134"
"4025700","1783299600000","6849"
"1974050","1783303200000","352"
"2315040","1783303200000","201"
"4025700","1783303200000","7104"
"1974050","1783306800000","335"
"2315040","1783306800000","219"
"4025700","1783306800000","7280"
"1974050","1783310400000","333"
"2315040","1783310400000","244"
"4025700","1783310400000","7289"
"1974050","1783314000000","329"
"2315040","1783314000000","261"
"4025700","1783314000000","7399"
"1974050","1783317600000","338"
"2315040","1783317600000","254"
"4025700","1783317600000","7391"
"1974050","1783321200000","395"
"2315040","1783321200000","278"
"4025700","1783321200000","7457"
"1974050","1783324800000","418"
"2315040","1783324800000","301"
"4025700","1783324800000","7663"
"1974050","1783328400000","466"
"2315040","1783328400000","309"
"4025700","1783328400000","7875"
"1974050","1783332000000","471"
"2315040","1783332000000","329"
"4025700","1783332000000","8445"
"1974050","1783335600000","554"
"2315040","1783335600000","367"
"4025700","1783335600000","9496"
"1974050","1783339200000","620"
"2315040","1783339200000","415"
"4025700","1783339200000","10574"
"1974050","1783342800000","635"
"2315040","1783342800000","439"
"4025700","1783342800000","11852"
"1974050","1783346400000","607"
"2315040","1783346400000","420"
"4025700","1783346400000","12323"
"1974050","1783350000000","621"
"2315040","1783350000000","356"
"4025700","1783350000000","11910"
"1974050","1783353600000","572"
"2315040","1783353600000","245"
"4025700","1783353600000","10664"
"1974050","1783357200000","532"
"2315040","1783357200000","159"
"4025700","1783357200000","9416"
"1974050","1783360800000","512"
"2315040","1783360800000","115"
"4025700","1783360800000","8126"
"1974050","1783364400000","484"
"2315040","1783364400000","71"
"4025700","1783364400000","7256"
"1974050","1783368000000","431"
"2315040","1783368000000","49"
"4025700","1783368000000","6661"
"1974050","1783371600000","410"
"2315040","1783371600000","46"
"4025700","1783371600000","6678"
"1974050","1783375200000","381"
"2315040","1783375200000","46"
"4025700","1783375200000","6536"
"1974050","1783378800000","325"
"2315040","1783378800000","76"
"4025700","1783378800000","6654"
"1974050","1783382400000","300"
"2315040","1783382400000","100"
"4025700","1783382400000","6677"
"1974050","1783386000000","308"
"2315040","1783386000000","150"
"4025700","1783386000000","7045"
"1974050","1783389600000","319"
"2315040","1783389600000","188"
"4025700","1783389600000","7213"
"1974050","1783393200000","316"
"2315040","1783393200000","244"
"4025700","1783393200000","7315"
"1974050","1783396800000","301"
"2315040","1783396800000","255"
"4025700","1783396800000","7327"
"1974050","1783400400000","323"
"2315040","1783400400000","255"
"4025700","1783400400000","7501"
"1974050","1783404000000","330"
"2315040","1783404000000","266"
"4025700","1783404000000","7493"
"1974050","1783407600000","348"
"2315040","1783407600000","277"
"4025700","1783407600000","7584"
"1974050","1783411200000","412"
"2315040","1783411200000","307"
"4025700","1783411200000","7801"
"1974050","1783414800000","426"
"2315040","1783414800000","289"
"4025700","1783414800000","7911"
"1974050","1783418400000","473"
"2315040","1783418400000","332"
"4025700","1783418400000","8417"
"1974050","1783422000000","519"
"2315040","1783422000000","378"
"4025700","1783422000000","9568"
"1974050","1783425600000","544"
"2315040","1783425600000","448"
"4025700","1783425600000","10864"
"1974050","1783429200000","619"
"2315040","1783429200000","471"
"4025700","1783429200000","12095"
"1974050","1783432800000","620"
"2315040","1783432800000","439"
"4025700","1783432800000","12503"
"1974050","1783436400000","607"
"2315040","1783436400000","383"
"4025700","1783436400000","12141"
"1974050","1783440000000","573"
"2315040","1783440000000","262"
"4025700","1783440000000","10806"
"1974050","1783443600000","566"
"2315040","1783443600000","172"
"4025700","1783443600000","9510"
"1974050","1783447200000","518"
"2315040","1783447200000","116"
"4025700","1783447200000","8288"
"1974050","1783450800000","552"
"2315040","1783450800000","84"
"4025700","1783450800000","7450"
"1974050","1783454400000","503"
"2315040","1783454400000","65"
"4025700","1783454400000","6797"
"1974050","1783458000000","446"
"2315040","1783458000000","46"
"4025700","1783458000000","6578"
"1974050","1783461600000","399"
"2315040","1783461600000","56"
"4025700","1783461600000","6385"
"1974050","1783465200000","368"
"2315040","1783465200000","66"
"4025700","1783465200000","6612"
"1974050","1783468800000","356"
"2315040","1783468800000","100"
"4025700","1783468800000","6770"
"1974050","1783472400000","354"
"2315040","1783472400000","160"
"4025700","1783472400000","7066"
"1974050","1783476000000","336"
"2315040","1783476000000","205"
"4025700","1783476000000","7049"
"1974050","1783479600000","338"
"2315040","1783479600000","250"
"4025700","1783479600000","7160"
"1974050","1783483200000","321"
"2315040","1783483200000","272"
"4025700","1783483200000","7166"
"1974050","1783486800000","326"
"2315040","1783486800000","277"
"4025700","1783486800000","7361"
"1974050","1783490400000","330"
"2315040","1783490400000","286"
"4025700","1783490400000","7383"
"1974050","1783494000000","374"
"2315040","1783494000000","313"
"4025700","1783494000000","7383"
"1974050","1783497600000","423"
"2315040","1783497600000","319"
"4025700","1783497600000","7522"
"1974050","1783501200000","438"
"2315040","1783501200000","299"
"4025700","1783501200000","7628"
"1974050","1783504800000","475"
"2315040","1783504800000","305"
"4025700","1783504800000","8109"
"1974050","1783508400000","527"
"2315040","1783508400000","358"
"4025700","1783508400000","9229"
"1974050","1783512000000","548"
"2315040","1783512000000","449"
"4025700","1783512000000","10478"
"1974050","1783515600000","596"
"2315040","1783515600000","442"
"4025700","1783515600000","11490"
"1974050","1783519200000","629"
"2315040","1783519200000","424"
"4025700","1783519200000","11946"
"1974050","1783522800000","593"
"2315040","1783522800000","353"
"4025700","1783522800000","11551"
"1974050","1783526400000","594"
"2315040","1783526400000","250"
"4025700","1783526400000","10375"
"1974050","1783530000000","573"
"2315040","1783530000000","173"
"4025700","1783530000000","8900"
"1974050","1783533600000","572"
"2315040","1783533600000","121"
"4025700","1783533600000","7816"
"1974050","1783537200000","533"
"2315040","1783537200000","96"
"4025700","1783537200000","6573"
"1974050","1783540800000","509"
"2315040","1783540800000","76"
"4025700","1783540800000","2391"
"1974050","1783544400000","482"
"2315040","1783544400000","70"
"4025700","1783544400000","2034"
"1974050","1783548000000","421"
"2315040","1783548000000","64"
"4025700","1783548000000","2043"
"1974050","1783551600000","392"
"2315040","1783551600000","80"
"4025700","1783551600000","5404"
"1974050","1783555200000","353"
"2315040","1783555200000","108"
"4025700","1783555200000","7115"
"1974050","1783558800000","361"
"2315040","1783558800000","152"
"4025700","1783558800000","7651"
"1974050","1783562400000","354"
"2315040","1783562400000","199"
"4025700","1783562400000","8007"
"1974050","1783566000000","362"
"2315040","1783566000000","233"
"4025700","1783566000000","8145"
"1974050","1783569600000","348"
"2315040","1783569600000","259"
"4025700","1783569600000","8052"
"1974050","1783573200000","377"
"2315040","1783573200000","284"
"4025700","1783573200000","8152"
"1974050","1783576800000","382"
"2315040","1783576800000","299"
"4025700","1783576800000","8009"
"1974050","1783580400000","393"
"2315040","1783580400000","341"
"4025700","1783580400000","8045"
"1974050","1783584000000","434"
"2315040","1783584000000","329"
"4025700","1783584000000","8199"
"1974050","1783587600000","446"
"2315040","1783587600000","318"
"4025700","1783587600000","8419"
"1974050","1783591200000","481"
"2315040","1783591200000","311"
"4025700","1783591200000","8889"
"1974050","1783594800000","524"
"2315040","1783594800000","389"
"4025700","1783594800000","10127"
"1974050","1783598400000","605"
"2315040","1783598400000","415"
"4025700","1783598400000","11273"
"1974050","1783602000000","632"
"2315040","1783602000000","504"
"4025700","1783602000000","12531"
"1974050","1783605600000","639"
"2315040","1783605600000","446"
"4025700","1783605600000","13144"
"1974050","1783609200000","623"
"2315040","1783609200000","380"
"4025700","1783609200000","12761"
"1974050","1783612800000","620"
"2315040","1783612800000","278"
"4025700","1783612800000","11587"
"1974050","1783616400000","608"
"2315040","1783616400000","182"
"4025700","1783616400000","10139"
"1974050","1783620000000","582"
"2315040","1783620000000","138"
"4025700","1783620000000","8766"
"1974050","1783623600000","548"
"2315040","1783623600000","83"
"4025700","1783623600000","7922"
"1974050","1783627200000","514"
"2315040","1783627200000","71"
"4025700","1783627200000","7266"
"1974050","1783630800000","451"
"2315040","1783630800000","57"
"4025700","1783630800000","7122"
"1974050","1783634400000","398"
"2315040","1783634400000","61"
"4025700","1783634400000","6673"
"1974050","1783638000000","387"
"2315040","1783638000000","58"
"4025700","1783638000000","6872"
"1974050","1783641600000","367"
"2315040","1783641600000","98"
"4025700","1783641600000","7080"
"1974050","1783645200000","347"
"2315040","1783645200000","162"
"4025700","1783645200000","7381"
"1974050","1783648800000","347"
"2315040","1783648800000","227"
"4025700","1783648800000","7723"
"1974050","1783652400000","356"
"2315040","1783652400000","224"
"4025700","1783652400000","8178"
"1974050","1783656000000","342"
"2315040","1783656000000","243"
"4025700","1783656000000","8308"
"1974050","1783659600000","323"
"2315040","1783659600000","275"
"4025700","1783659600000","8606"
"1974050","1783663200000","363"
"2315040","1783663200000","317"
"4025700","1783663200000","8651"
"1974050","1783666800000","377"
"2315040","1783666800000","329"
"4025700","1783666800000","8775"
"1974050","1783670400000","415"
"2315040","1783670400000","340"
"4025700","1783670400000","8841"
"1974050","1783674000000","457"
"2315040","1783674000000","307"
"4025700","1783674000000","9034"
"1974050","1783677600000","484"
"2315040","1783677600000","339"
"4025700","1783677600000","9493"
"1974050","1783681200000","533"
"2315040","1783681200000","383"
"4025700","1783681200000","10532"
"1974050","1783684800000","592"
"2315040","1783684800000","419"
"4025700","1783684800000","11779"
"1974050","1783688400000","611"
"2315040","1783688400000","442"
"4025700","1783688400000","12988"
"1974050","1783692000000","653"
"2315040","1783692000000","446"
"4025700","1783692000000","13857"
"1974050","1783695600000","646"
"2315040","1783695600000","371"
"4025700","1783695600000","13778"
"1974050","1783699200000","624"
"2315040","1783699200000","280"
"4025700","1783699200000","12599"
"1974050","1783702800000","613"
"2315040","1783702800000","197"
"4025700","1783702800000","10994"
"1974050","1783706400000","619"
"2315040","1783706400000","137"
"4025700","1783706400000","9645"
"1974050","1783710000000","574"
"2315040","1783710000000","105"
"4025700","1783710000000","8649"
"1974050","1783713600000","533"
"2315040","1783713600000","74"
"4025700","1783713600000","7820"
"1974050","1783717200000","493"
"2315040","1783717200000","59"
"4025700","1783717200000","7955"
"1974050","1783720800000","450"
"2315040","1783720800000","57"
"4025700","1783720800000","8258"
"1974050","1783724400000","412"
"2315040","1783724400000","73"
"4025700","1783724400000","9036"
"1974050","1783728000000","394"
"2315040","1783728000000","131"
"4025700","1783728000000","10019"
"1974050","1783731600000","412"
"2315040","1783731600000","204"
"4025700","1783731600000","11022"
"1974050","1783735200000","388"
"2315040","1783735200000","260"
"4025700","1783735200000","12260"
"1974050","1783738800000","404"
"2315040","1783738800000","310"
"4025700","1783738800000","13205"
"1974050","1783742400000","414"
"2315040","1783742400000","326"
"4025700","1783742400000","13720"
"1974050","1783746000000","462"
"2315040","1783746000000","367"
"4025700","1783746000000","14780"
"1974050","1783749600000","510"
"2315040","1783749600000","397"
"4025700","1783749600000","15465"
"1974050","1783753200000","539"
"2315040","1783753200000","389"
"4025700","1783753200000","16088"
"1974050","1783756800000","600"
"2315040","1783756800000","396"
"4025700","1783756800000","16437"
"1974050","1783760400000","651"
"2315040","1783760400000","394"
"4025700","1783760400000","16750"
"1974050","1783764000000","859"
"2315040","1783764000000","468"
"4025700","1783764000000","17540"
"1974050","1783767600000","925"
"2315040","1783767600000","493"
"4025700","1783767600000","18648"
"1974050","1783771200000","1332"
"2315040","1783771200000","762"
"4025700","1783771200000","20718"
"1974050","1783774800000","1283"
"2315040","1783774800000","776"
"4025700","1783774800000","21308"
"1974050","1783778400000","1202"
"2315040","1783778400000","724"
"4025700","1783778400000","22159"
"1974050","1783782000000","1105"
"2315040","1783782000000","630"
"4025700","1783782000000","22097"
"1974050","1783785600000","1058"
"2315040","1783785600000","458"
"4025700","1783785600000","20893"
"1974050","1783789200000","1151"
"2315040","1783789200000","336"
"4025700","1783789200000","18794"
"1974050","1783792800000","1283"
"2315040","1783792800000","226"
"4025700","1783792800000","17069"
"1974050","1783796400000","1069"
"2315040","1783796400000","157"
"4025700","1783796400000","14771"
"1974050","1783800000000","988"
"2315040","1783800000000","141"
"4025700","1783800000000","13155"
"1974050","1783803600000","869"
"2315040","1783803600000","110"
"4025700","1783803600000","12267"
"1974050","1783807200000","740"
"2315040","1783807200000","113"
"4025700","1783807200000","11648"
"1974050","1783810800000","661"
"2315040","1783810800000","136"
"4025700","1783810800000","11624"
"1974050","1783814400000","637"
"2315040","1783814400000","224"
"4025700","1783814400000","12381"
"1974050","1783818000000","641"
"2315040","1783818000000","318"
"4025700","1783818000000","12525"
"1974050","1783821600000","645"
"2315040","1783821600000","458"
"4025700","1783821600000","13080"
"1974050","1783825200000","651"
"2315040","1783825200000","495"
"4025700","1783825200000","13630"
"1974050","1783828800000","695"
"2315040","1783828800000","543"
"4025700","1783828800000","14230"
"1974050","1783832400000","745"
"2315040","1783832400000","564"
"4025700","1783832400000","14612"
"1974050","1783836000000","839"
"2315040","1783836000000","590"
"4025700","1783836000000","14884"
"1974050","1783839600000","932"
"2315040","1783839600000","620"
"4025700","1783839600000","15119"
"1974050","1783843200000","1026"
"2315040","1783843200000","614"
"4025700","1783843200000","15310"
"1974050","1783846800000","1135"
"2315040","1783846800000","617"
"4025700","1783846800000","15702"
"1974050","1783850400000","1231"
"2315040","1783850400000","629"
"4025700","1783850400000","16179"
"1974050","1783854000000","1265"
"2315040","1783854000000","644"
"4025700","1783854000000","16866"
"1974050","1783857600000","1313"
"2315040","1783857600000","684"
"4025700","1783857600000","18119"
"1974050","1783861200000","1415"
"2315040","1783861200000","728"
"4025700","1783861200000","18790"
"1974050","1783864800000","1422"
"2315040","1783864800000","681"
"4025700","1783864800000","19315"
"1974050","1783868400000","1353"
"2315040","1783868400000","564"
"4025700","1783868400000","18723"
"1974050","1783872000000","1317"
"2315040","1783872000000","384"
"4025700","1783872000000","17150"
"1974050","1783875600000","1303"
"2315040","1783875600000","265"
"4025700","1783875600000","15451"
"1974050","1783879200000","1275"
"2315040","1783879200000","203"
"4025700","1783879200000","14068"
"1974050","1783882800000","1190"
"2315040","1783882800000","162"
"4025700","1783882800000","12319"
"1974050","1783886400000","1069"
"2315040","1783886400000","119"
"4025700","1783886400000","11217"
"1974050","1783890000000","1006"
"2315040","1783890000000","96"
"4025700","1783890000000","10472"
"1974050","1783893600000","815"
"2315040","1783893600000","93"
"4025700","1783893600000","10010"
"1974050","1783897200000","781"
"2315040","1783897200000","104"
"4025700","1783897200000","10133"
"1974050","1783900800000","672"
"2315040","1783900800000","180"
"4025700","1783900800000","10713"
"1974050","1783904400000","630"
"2315040","1783904400000","298"
"4025700","1783904400000","10541"
"1974050","1783908000000","613"
"2315040","1783908000000","373"
"4025700","1783908000000","10765"
"1974050","1783911600000","659"
"2315040","1783911600000","411"
"4025700","1783911600000","11111"
"1974050","1783915200000","666"
"2315040","1783915200000","482"
"4025700","1783915200000","11275"
"1974050","1783918800000","740"
"2315040","1783918800000","541"
"4025700","1783918800000","11627"
"1974050","1783922400000","775"
"2315040","1783922400000","582"
"4025700","1783922400000","11719"
"1974050","1783926000000","860"
"2315040","1783926000000","609"
"4025700","1783926000000","11774"
"1974050","1783929600000","897"
"2315040","1783929600000","598"
"4025700","1783929600000","11875"
"1974050","1783933200000","992"
"2315040","1783933200000","601"
"4025700","1783933200000","12232"
"1974050","1783936800000","1084"
"2315040","1783936800000","637"
"4025700","1783936800000","13102"
"1974050","1783940400000","1196"
"2315040","1783940400000","715"
"4025700","1783940400000","14487"
"1974050","1783944000000","1300"
"2315040","1783944000000","737"
"4025700","1783944000000","16333"
"1974050","1783947600000","1315"
"2315040","1783947600000","787"
"4025700","1783947600000","17420"
"1974050","1783951200000","1299"
"2315040","1783951200000","730"
"4025700","1783951200000","17920"
"1974050","1783954800000","1368"
"2315040","1783954800000","642"
"4025700","1783954800000","17494"
"1974050","1783958400000","1377"
"2315040","1783958400000","479"
"4025700","1783958400000","15835"
"1974050","1783962000000","0"
"2315040","1783962000000","299"
"4025700","1783962000000","13816"
"1974050","1783965600000","1293"
"2315040","1783965600000","216"
"4025700","1783965600000","12830"
"1974050","1783969200000","1263"
"2315040","1783969200000","175"
"4025700","1783969200000","11161"
"1974050","1783972800000","1179"
"2315040","1783972800000","128"
"4025700","1783972800000","10143"
"1974050","1783976400000","1014"
"2315040","1783976400000","104"
"4025700","1783976400000","9781"
"1974050","1783980000000","923"
"2315040","1783980000000","98"
"4025700","1783980000000","9538"
"1974050","1783983600000","821"
"2315040","1783983600000","120"
"4025700","1783983600000","9711"
"1974050","1783987200000","767"
"2315040","1783987200000","179"
"4025700","1783987200000","10170"
"1974050","1783990800000","776"
"2315040","1783990800000","287"
"4025700","1783990800000","10135"
"1974050","1783994400000","810"
"2315040","1783994400000","372"
"4025700","1783994400000","10354"
"1974050","1783998000000","792"
"2315040","1783998000000","459"
"4025700","1783998000000","10296"
"1974050","1784001600000","787"
"2315040","1784001600000","521"
"4025700","1784001600000","10205"
"1974050","1784005200000","814"
"2315040","1784005200000","535"
"4025700","1784005200000","10409"
"1974050","1784008800000","895"
"2315040","1784008800000","580"
"4025700","1784008800000","10450"
"1974050","1784012400000","966"
"2315040","1784012400000","613"
"4025700","1784012400000","10693"
"1974050","1784016000000","1054"
"2315040","1784016000000","605"
"4025700","1784016000000","11062"
"1974050","1784019600000","1117"
"2315040","1784019600000","603"
"4025700","1784019600000","11520"
"1974050","1784023200000","1237"
"2315040","1784023200000","631"
"4025700","1784023200000","12229"
"1974050","1784026800000","1322"
"2315040","1784026800000","717"
"4025700","1784026800000","13726"
"1974050","1784030400000","1486"
"2315040","1784030400000","769"
"4025700","1784030400000","15540"
"1974050","1784034000000","1501"
"2315040","1784034000000","853"
"4025700","1784034000000","16739"
"1974050","1784037600000","1566"
"2315040","1784037600000","818"
"4025700","1784037600000","17340"
"1974050","1784041200000","1636"
"2315040","1784041200000","671"
"4025700","1784041200000","16673"
"1974050","1784044800000","1604"
"2315040","1784044800000","510"
"4025700","1784044800000","15266"
"1974050","1784048400000","1475"
"2315040","1784048400000","337"
"4025700","1784048400000","13160"
"1974050","1784052000000","1426"
"2315040","1784052000000","223"
"4025700","1784052000000","11958"
"1974050","1784055600000","1350"
"2315040","1784055600000","172"
"4025700","1784055600000","10338"
"1974050","1784059200000","1200"
"2315040","1784059200000","136"
"4025700","1784059200000","9660"
"1974050","1784062800000","1053"
"2315040","1784062800000","113"
"4025700","1784062800000","9305"
"1974050","1784066400000","904"
"2315040","1784066400000","103"
"4025700","1784066400000","9069"
"1974050","1784070000000","825"
"2315040","1784070000000","136"
"4025700","1784070000000","9453"
"1974050","1784073600000","789"
"2315040","1784073600000","192"
"4025700","1784073600000","9873"
"1974050","1784077200000","741"
"2315040","1784077200000","303"
"4025700","1784077200000","9854"
"1974050","1784080800000","793"
"2315040","1784080800000","409"
"4025700","1784080800000","10117"
"1974050","1784084400000","784"
"2315040","1784084400000","475"
"4025700","1784084400000","10174"
"1974050","1784088000000","846"
"2315040","1784088000000","537"
"4025700","1784088000000","10074"
"1974050","1784091600000","897"
"2315040","1784091600000","614"
"4025700","1784091600000","10080"
"1974050","1784095200000","1000"
"2315040","1784095200000","659"
"4025700","1784095200000","10097"
"1974050","1784098800000","1047"
"2315040","1784098800000","688"
"4025700","1784098800000","9998"
"1974050","1784102400000","1157"
"2315040","1784102400000","704"
"4025700","1784102400000","10271"
"1974050","1784106000000","1212"
"2315040","1784106000000","695"
"4025700","1784106000000","10520"
"1974050","1784109600000","1337"
"2315040","1784109600000","717"
"4025700","1784109600000","11254"
"1974050","1784113200000","1451"
"2315040","1784113200000","769"
"4025700","1784113200000","12698"
"1974050","1784116800000","1554"
"2315040","1784116800000","809"
"4025700","1784116800000","14405"
"1974050","1784120400000","1737"
"2315040","1784120400000","968"
"4025700","1784120400000","15585"
"1974050","1784124000000","1740"
"2315040","1784124000000","909"
"4025700","1784124000000","16420"
"1974050","1784127600000","1719"
"2315040","1784127600000","837"
"4025700","1784127600000","15644"
"1974050","1784131200000","1800"
"2315040","1784131200000","649"
"4025700","1784131200000","13404"
"1974050","1784134800000","1806"
"2315040","1784134800000","470"
"4025700","1784134800000","10432"
"1974050","1784138400000","1757"
"2315040","1784138400000","359"
"4025700","1784138400000","8208"
"1974050","1784142000000","1608"
"2315040","1784142000000","258"
"4025700","1784142000000","8468"
"1974050","1784145600000","1411"
"2315040","1784145600000","185"
"4025700","1784145600000","0"
"1974050","1784149200000","1315"
"2315040","1784149200000","149"
"4025700","1784149200000","8479"
"1974050","1784152800000","1209"
"2315040","1784152800000","177"
"4025700","1784152800000","8316"
"1974050","1784156400000","1067"
"2315040","1784156400000","185"
"4025700","1784156400000","8608"
"1974050","1784160000000","973"
"2315040","1784160000000","277"
"4025700","1784160000000","8937"
"1974050","1784163600000","823"
"2315040","1784163600000","316"
"4025700","1784163600000","9167"
"1974050","1784167200000","203"
"2315040","1784167200000","74"
"4025700","1784167200000","9462"
"1974050","1784170800000","138"
"2315040","1784170800000","55"
"4025700","1784170800000","9426"
"1974050","1784174400000","176"
"2315040","1784174400000","73"
"4025700","1784174400000","9353"
"1974050","1784178000000","161"
"2315040","1784178000000","76"
"4025700","1784178000000","9554"
"1974050","1784181600000","180"
"2315040","1784181600000","70"
"4025700","1784181600000","9494"
"1974050","1784185200000","184"
"2315040","1784185200000","74"
"4025700","1784185200000","9586"
"1974050","1784188800000","206"
"2315040","1784188800000","78"
"4025700","1784188800000","9729"
"1974050","1784192400000","190"
"2315040","1784192400000","81"
"4025700","1784192400000","10263"
"1974050","1784196000000","234"
"2315040","1784196000000","93"
"4025700","1784196000000","10835"
"1974050","1784199600000","244"
"2315040","1784199600000","108"
"4025700","1784199600000","12110"
"1974050","1784203200000","229"
"2315040","1784203200000","129"
"4025700","1784203200000","13796"
"1974050","1784206800000","279"
"2315040","1784206800000","102"
"4025700","1784206800000","15092"
"1974050","1784210400000","267"
"2315040","1784210400000","127"
"4025700","1784210400000","15972"
"1974050","1784214000000","303"
"2315040","1784214000000","93"
"4025700","1784214000000","15484"
"1974050","1784217600000","277"
"2315040","1784217600000","64"
"4025700","1784217600000","14190"
"1974050","1784221200000","290"
"2315040","1784221200000","53"
"4025700","1784221200000","12535"
"1974050","1784224800000","290"
"2315040","1784224800000","50"
"4025700","1784224800000","11184"
"1974050","1784228400000","264"
"2315040","1784228400000","51"
"4025700","1784228400000","9900"
"1974050","1784232000000","228"
"2315040","1784232000000","45"
"4025700","1784232000000","8946"
"1974050","1784235600000","238"
"2315040","1784235600000","54"
"4025700","1784235600000","8971"
"1974050","1784239200000","310"
"2315040","1784239200000","81"
"4025700","1784239200000","9338"
"1974050","1784242800000","373"
"2315040","1784242800000","125"
"4025700","1784242800000","10183"
"1974050","1784246400000","662"
"2315040","1784246400000","429"
"4025700","1784246400000","10991"
"1974050","1784250000000","3070"
"2315040","1784250000000","1610"
"4025700","1784250000000","11256"
"1974050","1784253600000","17750"
"2315040","1784253600000","7142"
"4025700","1784253600000","11867"
"1974050","1784257200000","19650"
"2315040","1784257200000","7798"
"4025700","1784257200000","11934"
"1974050","1784260800000","20050"
"2315040","1784260800000","8136"
"4025700","1784260800000","11894"
"1974050","1784264400000","20264"
"2315040","1784264400000","8368"
"4025700","1784264400000","12025"
"1974050","1784268000000","20303"
"2315040","1784268000000","8334"
"4025700","1784268000000","12296"
"1974050","1784271600000","20289"
"2315040","1784271600000","8292"
"4025700","1784271600000","12453"
"1974050","1784275200000","20155"
"2315040","1784275200000","8251"
"4025700","1784275200000","12599"
"1974050","1784278800000","20178"
"2315040","1784278800000","8058"
"4025700","1784278800000","13050"
"1974050","1784282400000","20466"
"2315040","1784282400000","8044"
"4025700","1784282400000","13702"
"1974050","1784286000000","21154"
"2315040","1784286000000","8430"
"4025700","1784286000000","15580"
"1974050","1784289600000","22015"
"2315040","1784289600000","8795"
"4025700","1784289600000","17615"
"1974050","1784293200000","22828"
"2315040","1784293200000","9067"
"4025700","1784293200000","19329"
"1974050","1784296800000","23592"
"2315040","1784296800000","8972"
"4025700","1784296800000","20372"
"1974050","1784300400000","23611"
"2315040","1784300400000","8334"
"4025700","1784300400000","20004"
"1974050","1784304000000","22932"
"2315040","1784304000000","6975"
"4025700","1784304000000","18726"
"1974050","1784307600000","21986"
"2315040","1784307600000","5337"
"4025700","1784307600000","16614"
"1974050","1784311200000","20965"
"2315040","1784311200000","3946"
"4025700","1784311200000","14609"
"1974050","1784314800000","20120"
"2315040","1784314800000","2899"
"4025700","1784314800000","12936"
"1974050","1784318400000","18611"
"2315040","1784318400000","1895"
"4025700","1784318400000","11541"
"1974050","1784322000000","17150"
"2315040","1784322000000","1723"
"4025700","1784322000000","11187"
"1974050","1784325600000","15498"
"2315040","1784325600000","1708"
"4025700","1784325600000","11029"
"1974050","1784329200000","14223"
"2315040","1784329200000","2048"
"4025700","1784329200000","11351"
"1974050","1784332800000","13644"
"2315040","1784332800000","2858"
"4025700","1784332800000","11806"
"1974050","1784336400000","13412"
"2315040","1784336400000","4197"
"4025700","1784336400000","12150"
"1974050","1784340000000","13639"
"2315040","1784340000000","5613"
"4025700","1784340000000","12914"
"1974050","1784343600000","13915"
"2315040","1784343600000","6422"
"4025700","1784343600000","13310"
"1974050","1784347200000","14354"
"2315040","1784347200000","6729"
"4025700","1784347200000","13450"
"1974050","1784350800000","15001"
"2315040","1784350800000","7154"
"4025700","1784350800000","14017"
"1974050","1784354400000","16047"
"2315040","1784354400000","7397"
"4025700","1784354400000","14239"
"1974050","1784358000000","17214"
"2315040","1784358000000","7475"
"4025700","1784358000000","14396"
"1974050","1784361600000","18225"
"2315040","1784361600000","7203"
"4025700","1784361600000","14572"
"1974050","1784365200000","19300"
"2315040","1784365200000","7450"
"4025700","1784365200000","14899"
"1974050","1784368800000","20115"
"2315040","1784368800000","7448"
"4025700","1784368800000","15065"
"1974050","1784372400000","20816"
"2315040","1784372400000","7650"
"4025700","1784372400000","15894"
"1974050","1784376000000","21737"
"2315040","1784376000000","7928"
"4025700","1784376000000","17210"
"1974050","1784379600000","22470"
"2315040","1784379600000","8053"
"4025700","1784379600000","18684"
"1974050","1784383200000","23113"
"2315040","1784383200000","7946"
"4025700","1784383200000","19807"
"1974050","1784386800000","22984"
"2315040","1784386800000","7375"
"4025700","1784386800000","20109"
"1974050","1784390400000","22314"
"2315040","1784390400000","6221"
"4025700","1784390400000","19049"
"1974050","1784394000000","21439"
"2315040","1784394000000","4887"
"4025700","1784394000000","17166"
"1974050","1784397600000","20490"
"2315040","1784397600000","3747"
"4025700","1784397600000","15289"
"1974050","1784401200000","19563"
"2315040","1784401200000","2774"
"4025700","1784401200000","13597"
"1974050","1784404800000","18594"
"2315040","1784404800000","2164"
"4025700","1784404800000","12464"
"1974050","1784408400000","17025"
"2315040","1784408400000","1744"
"4025700","1784408400000","11856"
"1974050","1784412000000","15638"
"2315040","1784412000000","1621"
"4025700","1784412000000","11033"
"1974050","1784415600000","14269"
"2315040","1784415600000","1898"
"4025700","1784415600000","11133"
"1974050","1784419200000","13339"
"2315040","1784419200000","2597"
"4025700","1784419200000","11341"
"1974050","1784422800000","12956"
"2315040","1784422800000","3797"
"4025700","1784422800000","11606"
"1974050","1784426400000","12961"
"2315040","1784426400000","5081"
"4025700","1784426400000","12251"
"1974050","1784430000000","13162"
"2315040","1784430000000","5938"
"4025700","1784430000000","12970"
"1974050","1784433600000","13332"
"2315040","1784433600000","6254"
"4025700","1784433600000","13646"
"1974050","1784437200000","14066"
"2315040","1784437200000","6857"
"4025700","1784437200000","14597"
"1974050","1784440800000","15166"
"2315040","1784440800000","7191"
"4025700","1784440800000","15161"
"1974050","1784444400000","16327"
"2315040","1784444400000","6944"
"4025700","1784444400000","15467"
"1974050","1784448000000","17956"
"2315040","1784448000000","7426"
"4025700","1784448000000","15411"
"1974050","1784451600000","18872"
"2315040","1784451600000","7379"
"4025700","1784451600000","15564"
"1974050","1784455200000","19585"
"2315040","1784455200000","7336"
"4025700","1784455200000","15487"
"1974050","1784458800000","20348"
"2315040","1784458800000","7566"
"4025700","1784458800000","16247"
"1974050","1784462400000","21172"
"2315040","1784462400000","7766"
"4025700","1784462400000","17501"
"1974050","1784466000000","21748"
"2315040","1784466000000","7803"
"4025700","1784466000000","18631"
"1974050","1784469600000","21979"
"2315040","1784469600000","7588"
"4025700","1784469600000","19600"
"1974050","1784473200000","21570"
"2315040","1784473200000","6720"
"4025700","1784473200000","19194"
"1974050","1784476800000","20624"
"2315040","1784476800000","5399"
"4025700","1784476800000","17211"
"1974050","1784480400000","19798"
"2315040","1784480400000","4097"
"4025700","1784480400000","15401"
"1974050","1784484000000","18986"
"2315040","1784484000000","3135"
"4025700","1784484000000","13931"
"1974050","1784487600000","17225"
"2315040","1784487600000","2424"
"4025700","1784487600000","12297"
"1974050","1784491200000","16345"
"2315040","1784491200000","1978"
"4025700","1784491200000","11344"
"1974050","1784494800000","14644"
"2315040","1784494800000","1642"
"4025700","1784494800000","10958"
"1974050","1784498400000","13075"
"2315040","1784498400000","1485"
"4025700","1784498400000","10170"
"1974050","1784502000000","11783"
"2315040","1784502000000","1637"
"4025700","1784502000000","10345"
"1974050","1784505600000","10773"
"2315040","1784505600000","2029"
"4025700","1784505600000","10575"
"1974050","1784509200000","10184"
"2315040","1784509200000","2911"
"4025700","1784509200000","10781"
"1974050","1784512800000","9952"
"2315040","1784512800000","3759"
"4025700","1784512800000","10932"
"1974050","1784516400000","9680"
"2315040","1784516400000","4320"
"4025700","1784516400000","11017"
"1974050","1784520000000","9569"
"2315040","1784520000000","4699"
"4025700","1784520000000","11300"
"1974050","1784523600000","9962"
"2315040","1784523600000","5071"
"4025700","1784523600000","11543"
"1974050","1784527200000","10597"
"2315040","1784527200000","5200"
"4025700","1784527200000","11523"
"1974050","1784530800000","11200"
"2315040","1784530800000","5294"
"4025700","1784530800000","11628"
"1974050","1784534400000","12278"
"2315040","1784534400000","5517"
"4025700","1784534400000","11808"
"1974050","1784538000000","13270"
"2315040","1784538000000","5597"
"4025700","1784538000000","12101"
"1974050","1784541600000","14481"
"2315040","1784541600000","5815"
"4025700","1784541600000","12547"
"1974050","1784545200000","15483"
"2315040","1784545200000","6474"
"4025700","1784545200000","14151"
"1974050","1784548800000","16762"
"2315040","1784548800000","7037"
"4025700","1784548800000","15548"
"1974050","1784552400000","17630"
"2315040","1784552400000","7352"
"4025700","1784552400000","17294"
"1974050","1784556000000","18217"
"2315040","1784556000000","7238"
"4025700","1784556000000","17897"
"1974050","1784559600000","18189"
"2315040","1784559600000","6462"
"4025700","1784559600000","17504"
"1974050","1784563200000","17822"
"2315040","1784563200000","5099"
"4025700","1784563200000","16222"
"1974050","1784566800000","17125"
"2315040","1784566800000","3780"
"4025700","1784566800000","14607"
"1974050","1784570400000","16428"
"2315040","1784570400000","2787"
"4025700","1784570400000","12785"
"1974050","1784574000000","15574"
"2315040","1784574000000","2102"
"4025700","1784574000000","11606"
"1974050","1784577600000","14380"
"2315040","1784577600000","1635"
"4025700","1784577600000","10641"
"1974050","1784581200000","12918"
"2315040","1784581200000","1364"
"4025700","1784581200000","10305"
"1974050","1784584800000","11493"
"2315040","1784584800000","1315"
"4025700","1784584800000","9944"
"1974050","1784588400000","10311"
"2315040","1784588400000","1450"
"4025700","1784588400000","10080"
"1974050","1784592000000","9712"
"2315040","1784592000000","1921"
"4025700","1784592000000","9973"
"1974050","1784595600000","9349"
"2315040","1784595600000","2777"
"4025700","1784595600000","10250"
"1974050","1784599200000","9108"
"2315040","1784599200000","3611"
"4025700","1784599200000","10526"
"1974050","1784602800000","8837"
"2315040","1784602800000","4154"
"4025700","1784602800000","10420"
"1974050","1784606400000","8736"
"2315040","1784606400000","4525"
"4025700","1784606400000","10282"
"1974050","1784610000000","8990"
"2315040","1784610000000","4809"
"4025700","1784610000000","10410"
"1974050","1784613600000","9642"
"2315040","1784613600000","4955"
"4025700","1784613600000","10470"
"1974050","1784617200000","10240"
"2315040","1784617200000","5093"
"4025700","1784617200000","10584"
"1974050","1784620800000","11090"
"2315040","1784620800000","5188"
"4025700","1784620800000","10620"
"1974050","1784624400000","11948"
"2315040","1784624400000","5151"
"4025700","1784624400000","11193"
"1974050","1784628000000","12917"
"2315040","1784628000000","5403"
"4025700","1784628000000","11770"
"1974050","1784631600000","14170"
"2315040","1784631600000","6009"
"4025700","1784631600000","13549"
"1974050","1784635200000","15261"
"2315040","1784635200000","6598"
"4025700","1784635200000","15103"
"1974050","1784638800000","16067"
"2315040","1784638800000","6856"
"4025700","1784638800000","16653"
"1974050","1784642400000","16476"
"2315040","1784642400000","6747"
"4025700","1784642400000","17378"
"1974050","1784646000000","16313"
"2315040","1784646000000","6061"
"4025700","1784646000000","16705"
"1974050","1784649600000","15936"
"2315040","1784649600000","4753"
"4025700","1784649600000","15154"
"1974050","1784653200000","15350"
"2315040","1784653200000","3520"
"4025700","1784653200000","13461"
"1974050","1784656800000","14625"
"2315040","1784656800000","2605"
"4025700","1784656800000","11942"
"1974050","1784660400000","13913"
"2315040","1784660400000","1952"
"4025700","1784660400000","10633"
"1974050","1784664000000","12857"
"2315040","1784664000000","1552"
"4025700","1784664000000","10024"
"1974050","1784667600000","11479"
"2315040","1784667600000","1294"
"4025700","1784667600000","9825"
"1974050","1784671200000","9871"
"2315040","1784671200000","1216"
"4025700","1784671200000","9357"
"1974050","1784674800000","8840"
"2315040","1784674800000","1353"
"4025700","1784674800000","9443"
"1974050","1784678400000","8381"
"2315040","1784678400000","1798"
"4025700","1784678400000","9430"
"1974050","1784682000000","8071"
"2315040","1784682000000","2594"
"4025700","1784682000000","9827"
"1974050","1784685600000","8148"
"2315040","1784685600000","3356"
"4025700","1784685600000","10114"
"1974050","1784689200000","7869"
"2315040","1784689200000","3791"
"4025700","1784689200000","10197"
"1974050","1784692800000","7819"
"2315040","1784692800000","4197"
"4025700","1784692800000","10180"
"1974050","1784696400000","8090"
"2315040","1784696400000","4442"
"4025700","1784696400000","10575"
"1974050","1784700000000","8585"
"2315040","1784700000000","4571"
"4025700","1784700000000","10497"
"1974050","1784703600000","9126"
"2315040","1784703600000","4706"
"4025700","1784703600000","10585"
"1974050","1784707200000","9896"
"2315040","1784707200000","4811"
"4025700","1784707200000","10603"
"1974050","1784710800000","10713"
"2315040","1784710800000","4775"
"4025700","1784710800000","11009"
"1974050","1784714400000","11011"
"2315040","1784714400000","4552"
"4025700","1784714400000","11634"
"1974050","1784718000000","12898"
"2315040","1784718000000","5583"
"4025700","1784718000000","13122"
"1974050","1784721600000","14061"
"2315040","1784721600000","6131"
"4025700","1784721600000","14539"
"1974050","1784725200000","14857"
"2315040","1784725200000","6457"
"4025700","1784725200000","15979"
"1974050","1784728800000","15158"
"2315040","1784728800000","6381"
"4025700","1784728800000","16679"
"1974050","1784732400000","15184"
"2315040","1784732400000","5800"
"4025700","1784732400000","16330"
"1974050","1784736000000","15168"
"2315040","1784736000000","4594"
"4025700","1784736000000","14696"
"1974050","1784739600000","14389"
"2315040","1784739600000","3374"
"4025700","1784739600000","13206"
"1974050","1784743200000","13524"
"2315040","1784743200000","2464"
"4025700","1784743200000","11459"
"1974050","1784746800000","12822"
"2315040","1784746800000","1852"
"4025700","1784746800000","10510"
"1974050","1784750400000","11766"
"2315040","1784750400000","1363"
"4025700","1784750400000","9161"
"1974050","1784754000000","10729"
"2315040","1784754000000","1200"
"4025700","1784754000000","3441"
"1974050","1784757600000","9418"
"2315040","1784757600000","1125"
"4025700","1784757600000","2874"
"1974050","1784761200000","8304"
"2315040","1784761200000","1266"
"4025700","1784761200000","7550"
"1974050","1784764800000","7754"
"2315040","1784764800000","1622"
"4025700","1784764800000","9085"
"1974050","1784768400000","7529"
"2315040","1784768400000","2432"
"4025700","1784768400000","9894"
"1974050","1784772000000","7355"
"2315040","1784772000000","3162"
"4025700","1784772000000","10223"
"1974050","1784775600000","7251"
"2315040","1784775600000","3596"
"4025700","1784775600000","10065"
"1974050","1784779200000","7254"
"2315040","1784779200000","3953"
"4025700","1784779200000","9880"
"1974050","1784782800000","7425"
"2315040","1784782800000","4114"
"4025700","1784782800000","10056"
"1974050","1784786400000","7831"
"2315040","1784786400000","4183"
"4025700","1784786400000","9988"
"1974050","1784790000000","8380"
"2315040","1784790000000","4171"
"4025700","1784790000000","9976"
"1974050","1784793600000","9190"
"2315040","1784793600000","4349"
"4025700","1784793600000","10117"
"1974050","1784797200000","9848"
"2315040","1784797200000","4366"
"4025700","1784797200000","10567"
"1974050","1784800800000","10610"
"2315040","1784800800000","4603"
"4025700","1784800800000","11094"
"1974050","1784804400000","11509"
"2315040","1784804400000","5145"
"4025700","1784804400000","12531"
"1974050","1784808000000","12462"
"2315040","1784808000000","5684"
"4025700","1784808000000","14079"
"1974050","1784811600000","13244"
"2315040","1784811600000","5924"
"4025700","1784811600000","15614"
"1974050","1784815200000","13405"
"2315040","1784815200000","5855"
"4025700","1784815200000","16391"
"1974050","1784818800000","13366"
"2315040","1784818800000","5223"
"4025700","1784818800000","15899"
"1974050","1784822400000","13176"
"2315040","1784822400000","4175"
"4025700","1784822400000","14466"
"1974050","1784826000000","12611"
"2315040","1784826000000","3028"
"4025700","1784826000000","12867"
"1974050","1784829600000","11953"
"2315040","1784829600000","2230"
"4025700","1784829600000","11327"
"1974050","1784833200000","11388"
"2315040","1784833200000","1697"
"4025700","1784833200000","10296"
"1974050","1784836800000","10512"
"2315040","1784836800000","1267"
"4025700","1784836800000","9613"
"1974050","1784840400000","9384"
"2315040","1784840400000","1116"
"4025700","1784840400000","9179"
"1974050","1784844000000","8241"
"2315040","1784844000000","1088"
"4025700","1784844000000","8843"
"1974050","1784847600000","7451"
"2315040","1784847600000","1215"
"4025700","1784847600000","9154"
"1974050","1784851200000","6996"
"2315040","1784851200000","1625"
"4025700","1784851200000","9375"
"1974050","1784854800000","6797"
"2315040","1784854800000","2262"
"4025700","1784854800000","9646"
"1974050","1784858400000","6673"
"2315040","1784858400000","2969"
"4025700","1784858400000","9727"
"1974050","1784862000000","6608"
"2315040","1784862000000","3332"
"4025700","1784862000000","9852"
"1974050","1784865600000","6528"
"2315040","1784865600000","3633"
"4025700","1784865600000","9780"
"1974050","1784869200000","6667"
"2315040","1784869200000","3849"
"4025700","1784869200000","9859"
"1974050","1784872800000","7115"
"2315040","1784872800000","3900"
"4025700","1784872800000","9892"
"1974050","1784876400000","7228"
"2315040","1784876400000","3939"
"4025700","1784876400000","9986"
"1974050","1784880000000","8321"
"2315040","1784880000000","4230"
"4025700","1784880000000","10051"
"1974050","1784883600000","8889"
"2315040","1784883600000","4176"
"4025700","1784883600000","10460"
"1974050","1784887200000","9405"
"2315040","1784887200000","4348"
"4025700","1784887200000","10771"
"1974050","1784890800000","10167"
"2315040","1784890800000","4802"
"4025700","1784890800000","12272"
"1974050","1784894400000","10986"
"2315040","1784894400000","5272"
"4025700","1784894400000","13689"
"1974050","1784898000000","11446"
"2315040","1784898000000","5562"
"4025700","1784898000000","15108"
"1974050","1784901600000","11727"
"2315040","1784901600000","5508"
"4025700","1784901600000","16208"
"1974050","1784905200000","11716"
"2315040","1784905200000","5019"
"4025700","1784905200000","16136"
"1974050","1784908800000","11430"
"2315040","1784908800000","4055"
"4025700","1784908800000","15115"
"1974050","1784912400000","10711"
"2315040","1784912400000","3180"
"4025700","1784912400000","13512"
"1974050","1784916000000","9549"
"2315040","1784916000000","2322"
"4025700","1784916000000","11941"
"1974050","1784919600000","8299"
"2315040","1784919600000","1724"
"4025700","1784919600000","10725"
"1974050","1784923200000","6998"
"2315040","1784923200000","1284"
"4025700","1784923200000","9666"
"1974050","1784926800000","6173"
"2315040","1784926800000","1050"
"4025700","1784926800000","9667"
"1974050","1784930400000","5492"
"2315040","1784930400000","1009"
"4025700","1784930400000","9740"
"1974050","1784934000000","5094"
"2315040","1784934000000","1142"
"4025700","1784934000000","10298"
"1974050","1784937600000","4904"
"2315040","1784937600000","1554"
"4025700","1784937600000","10888"
"1974050","1784941200000","4930"
"2315040","1784941200000","2364"
"4025700","1784941200000","11700"
"1974050","1784944800000","4878"
"2315040","1784944800000","3088"
"4025700","1784944800000","12619"
"1974050","1784948400000","4938"
"2315040","1784948400000","3525"
"4025700","1784948400000","13702"
"1974050","1784952000000","5025"
"2315040","1784952000000","3821"
"4025700","1784952000000","14764"
"1974050","1784955600000","5197"
"2315040","1784955600000","3805"
"4025700","1784955600000","15175"
"1974050","1784959200000","5668"
"2315040","1784959200000","4267"
"4025700","1784959200000","16516"
"1974050","1784962800000","6271"
"2315040","1784962800000","4442"
"4025700","1784962800000","16591"
"1974050","1784966400000","6671"
"2315040","1784966400000","4548"
"4025700","1784966400000","16600"
"1974050","1784970000000","7109"
"2315040","1784970000000","4521"
"4025700","1784970000000","16284"
"1974050","1784973600000","7299"
"2315040","1784973600000","4450"
"4025700","1784973600000","16165"
"1974050","1784977200000","7771"
"2315040","1784977200000","4644"
"4025700","1784977200000","16563"
"1974050","1784980800000","8111"
"2315040","1784980800000","4963"
"4025700","1784980800000","17781"
"1974050","1784984400000","8582"
"2315040","1784984400000","5130"
"4025700","1784984400000","18510"
"1974050","1784988000000","8621"
"2315040","1784988000000","5057"
"4025700","1784988000000","19472"
"1974050","1784991600000","8456"
"2315040","1784991600000","4623"
"4025700","1784991600000","19711"
"1974050","1784995200000","8261"
"2315040","1784995200000","3781"
"4025700","1784995200000","18815"
"1974050","1784998800000","7752"
"2315040","1784998800000","2921"
"4025700","1784998800000","17506"
"1974050","1785002400000","7408"
"2315040","1785002400000","2211"
"4025700","1785002400000","15842"
"1974050","1785006000000","7017"
"2315040","1785006000000","1585"
"4025700","1785006000000","13920"
"1974050","1785009600000","6442"
"2315040","1785009600000","1173"
"4025700","1785009600000","12504"
"1974050","1785013200000","5882"
"2315040","1785013200000","981"
"4025700","1785013200000","11823"
"1974050","1785016800000","5263"
"2315040","1785016800000","886"
"4025700","1785016800000","10979"
"1974050","1785020400000","4856"
"2315040","1785020400000","1063"
"4025700","1785020400000","10808"
"1974050","1785024000000","4662"
"2315040","1785024000000","1513"
"4025700","1785024000000","10911"
"1974050","1785027600000","4769"
"2315040","1785027600000","2284"
"4025700","1785027600000","11191"
"1974050","1785031200000","4917"
"2315040","1785031200000","3073"
"4025700","1785031200000","12076"
"1974050","1785034800000","4990"
"2315040","1785034800000","3581"
"4025700","1785034800000","12496"
"1974050","1785038400000","5201"
"2315040","1785038400000","3877"
"4025700","1785038400000","13094"
"1974050","1785042000000","5540"
"2315040","1785042000000","4148"
"4025700","1785042000000","13318"
"1974050","1785045600000","5898"
"2315040","1785045600000","4306"
"4025700","1785045600000","13712"
"1974050","1785049200000","6380"
"2315040","1785049200000","4384"
"4025700","1785049200000","13924"
"1974050","1785052800000","6942"
"2315040","1785052800000","4553"
"4025700","1785052800000","13837"
"1974050","1785056400000","7198"
"2315040","1785056400000","4527"
"4025700","1785056400000","14162"
"1974050","1785060000000","7503"
"2315040","1785060000000","4498"
"4025700","1785060000000","14333"
"1974050","1785063600000","7862"
"2315040","1785063600000","4690"
"4025700","1785063600000","15092"
"1974050","1785067200000","8209"
"2315040","1785067200000","4895"
"4025700","1785067200000","16457"
"1974050","1785070800000","8528"
"2315040","1785070800000","5016"
"4025700","1785070800000","17316"
"1974050","1785074400000","8480"
"2315040","1785074400000","4817"
"4025700","1785074400000","17972"
"1974050","1785078000000","8240"
"2315040","1785078000000","4265"
"4025700","1785078000000","18070"
"1974050","1785081600000","7958"
"2315040","1785081600000","3315"
"4025700","1785081600000","16613"
"1974050","1785085200000","7357"
"2315040","1785085200000","2409"
"4025700","1785085200000","14843"
"1974050","1785088800000","6828"
"2315040","1785088800000","1710"
"4025700","1785088800000","13170"
"1974050","1785092400000","6531"
"2315040","1785092400000","1240"
"4025700","1785092400000","11978"
"1974050","1785096000000","5924"
"2315040","1785096000000","963"
"4025700","1785096000000","10827"
"1974050","1785099600000","5372"
"2315040","1785099600000","838"
"4025700","1785099600000","10259"
"1974050","1785103200000","4588"
"2315040","1785103200000","794"
"4025700","1785103200000","9718"
"1974050","1785106800000","4139"
"2315040","1785106800000","881"
"4025700","1785106800000","9723"
"1974050","1785110400000","3875"
"2315040","1785110400000","1219"
"4025700","1785110400000","9883"
"1974050","1785114000000","3728"
"2315040","1785114000000","1781"
"4025700","1785114000000","9980"
"1974050","1785117600000","3790"
"2315040","1785117600000","2363"
"4025700","1785117600000","10359"
"1974050","1785121200000","3809"
"2315040","1785121200000","2701"
"4025700","1785121200000","10455"
"1974050","1785124800000","3832"
"2315040","1785124800000","2908"
"4025700","1785124800000","10813"
"1974050","1785128400000","3914"
"2315040","1785128400000","3124"
"4025700","1785128400000","10951"
"1974050","1785132000000","4218"
"2315040","1785132000000","3248"
"4025700","1785132000000","10933"
"1974050","1785135600000","4421"
"2315040","1785135600000","2921"
"4025700","1785135600000","11126"
"1974050","1785139200000","4924"
"2315040","1785139200000","3365"
"4025700","1785139200000","11187"
"1974050","1785142800000","5321"
"2315040","1785142800000","3398"
"4025700","1785142800000","11572"
"1974050","1785146400000","5894"
"2315040","1785146400000","3611"
"4025700","1785146400000","12117"
"1974050","1785150000000","6521"
"2315040","1785150000000","4085"
"4025700","1785150000000","13732"
"1974050","1785153600000","6871"
"2315040","1785153600000","4535"
"4025700","1785153600000","15553"
"1974050","1785157200000","7411"
"2315040","1785157200000","4856"
"4025700","1785157200000","16804"
"1974050","1785160800000","7526"
"2315040","1785160800000","4693"
"4025700","1785160800000","17558"
"1974050","1785164400000","7391"
"2315040","1785164400000","4140"
"4025700","1785164400000","17149"
"1974050","1785168000000","7163"
"2315040","1785168000000","3223"
"4025700","1785168000000","15861"
"1974050","1785171600000","6849"
"2315040","1785171600000","2308"
"4025700","1785171600000","14127"
"1974050","1785175200000","6571"
"2315040","1785175200000","1667"
"4025700","1785175200000","12507"
"1974050","1785178800000","6038"
"2315040","1785178800000","1190"
"4025700","1785178800000","11310"
"1974050","1785182400000","5642"
"2315040","1785182400000","927"
"4025700","1785182400000","10330"
"1974050","1785186000000","4949"
"2315040","1785186000000","788"
"4025700","1785186000000","9880"
"1974050","1785189600000","4367"
"2315040","1785189600000","795"
"4025700","1785189600000","9329"
"1974050","1785193200000","3942"
"2315040","1785193200000","866"
"4025700","1785193200000","9470"
"1974050","1785196800000","3791"
"2315040","1785196800000","1184"
"4025700","1785196800000","9445"
"1974050","1785200400000","3735"
"2315040","1785200400000","1741"
"4025700","1785200400000","9863"
"1974050","1785204000000","3669"
"2315040","1785204000000","2237"
"4025700","1785204000000","10165"
"1974050","1785207600000","3617"
"2315040","1785207600000","2579"
"4025700","1785207600000","10438"
"1974050","1785211200000","3613"
"2315040","1785211200000","2841"
"4025700","1785211200000","10624"
"1974050","1785214800000","3845"
"2315040","1785214800000","2994"
"4025700","1785214800000","10803"
"1974050","1785218400000","4084"
"2315040","1785218400000","3063"
"4025700","1785218400000","11003"
"1974050","1785222000000","4439"
"2315040","1785222000000","3174"
"4025700","1785222000000","10967"
"1974050","1785225600000","4781"
"2315040","1785225600000","3282"
"4025700","1785225600000","11273"
"1974050","1785229200000","5151"
"2315040","1785229200000","3249"
"4025700","1785229200000","11601"
"1974050","1785232800000","5344"
"2315040","1785232800000","3238"
"4025700","1785232800000","11895"
"1974050","1785236400000","6027"
"2315040","1785236400000","3902"
"4025700","1785236400000","13378"
"1974050","1785240000000","6721"
"2315040","1785240000000","4380"
"4025700","1785240000000","14641"
"1974050","1785243600000","7041"
"2315040","1785243600000","4614"
"4025700","1785243600000","15890"
"1974050","1785247200000","7264"
"2315040","1785247200000","4464"
"4025700","1785247200000","16775"
"1974050","1785250800000","7138"
"2315040","1785250800000","3876"
"4025700","1785250800000","16889"
"1974050","1785254400000","6931"
"2315040","1785254400000","2960"
"4025700","1785254400000","15529"
"1974050","1785258000000","6540"
"2315040","1785258000000","2104"
"4025700","1785258000000","14239"
"1974050","1785261600000","6235"
"2315040","1785261600000","1484"
"4025700","1785261600000","12475"
"1974050","1785265200000","5919"
"2315040","1785265200000","1073"
"4025700","1785265200000","10972"
"1974050","1785268800000","5324"
"2315040","1785268800000","830"
"4025700","1785268800000","9991"
"1974050","1785272400000","4781"
"2315040","1785272400000","717"
"4025700","1785272400000","9540"
"1974050","1785276000000","4038"
"2315040","1785276000000","694"
"4025700","1785276000000","9187"
"1974050","1785279600000","3695"
"2315040","1785279600000","817"
"4025700","1785279600000","9391"
"1974050","1785283200000","3477"
"2315040","1785283200000","1089"
"4025700","1785283200000","9281"
"1974050","1785286800000","3531"
"2315040","1785286800000","1621"
"4025700","1785286800000","9480"
"1974050","1785290400000","3474"
"2315040","1785290400000","2061"
"4025700","1785290400000","9795"
"1974050","1785294000000","3494"
"2315040","1785294000000","2445"
"4025700","1785294000000","10082"
"1974050","1785297600000","3586"
"2315040","1785297600000","2678"
"4025700","1785297600000","10159"
"1974050","1785301200000","3652"
"2315040","1785301200000","2802"
"4025700","1785301200000","10637"
"1974050","1785304800000","3833"
"2315040","1785304800000","2881"
"4025700","1785304800000","10596"
"1974050","1785308400000","4017"
"2315040","1785308400000","2912"
"4025700","1785308400000","10437"
"1974050","1785312000000","4494"
"2315040","1785312000000","2961"
"4025700","1785312000000","10550"
"1974050","1785315600000","4833"
"2315040","1785315600000","2982"
"4025700","1785315600000","10794"
"1974050","1785319200000","5268"
"2315040","1785319200000","3218"
"4025700","1785319200000","11363"
"1974050","1785322800000","5904"
"2315040","1785322800000","3563"
"4025700","1785322800000","12724"
"1974050","1785326400000","6387"
"2315040","1785326400000","4003"
"4025700","1785326400000","14246"
"1974050","1785330000000","6770"
"2315040","1785330000000","4228"
"4025700","1785330000000","15526"
"1974050","1785333600000","6970"
"2315040","1785333600000","4164"
"4025700","1785333600000","16167"
"1974050","1785337200000","6877"
"2315040","1785337200000","3748"
"4025700","1785337200000","15719"
"1974050","1785340800000","6649"
"2315040","1785340800000","2934"
"4025700","1785340800000","14350"
"1974050","1785344400000","6265"
"2315040","1785344400000","2106"
"4025700","1785344400000","12739"
"1974050","1785348000000","5796"
"2315040","1785348000000","1435"
"4025700","1785348000000","11461"
"1974050","1785351600000","5402"
"2315040","1785351600000","1019"
"4025700","1785351600000","10234"
"1974050","1785355200000","4942"
"2315040","1785355200000","785"
"4025700","1785355200000","9274"
"1974050","1785358800000","4454"
"2315040","1785358800000","648"
"4025700","1785358800000","9023"
"1974050","1785362400000","3729"
"2315040","1785362400000","630"
"4025700","1785362400000","8458"
"1974050","1785366000000","3454"
"2315040","1785366000000","746"
"4025700","1785366000000","8806"
"1974050","1785369600000","3286"
"2315040","1785369600000","1027"
"4025700","1785369600000","9075"